method,n,status,fit_s,total_s,peak_rss_mb,extra_rss_mb,gpu_peak_mb,trustworthiness,continuity,knn_accuracy,info
pca,5000,ok,0.1559094260001075,0.15591593499993905,279.734375,0.0,,0.7322217634667469,0.9228887029792356,0.40599999999999997,
lvm,5000,ok,2.0989808710000943,2.127123066999957,2301.8359375,78.87109375,561.98193359375,0.7770419540575785,0.8479078342862875,0.6402,"{""stages"": {""sample"": 0.02486818899978971, ""cells"": 0.03394165899953805, ""masses"": 0.020364088000860647, ""graph"": 0.03948285199930979, ""scaling"": 0.4145661520005888, ""voltages"": 0.04294114299955254, ""landmarks"": 1.522035462000531, ""embedding"": 0.0007227129999591853}, ""rho_g"": 0.007773650302387762}"
umap_gpu,5000,ok,0.15476872299950628,0.15477427699988766,1196.7578125,21.44140625,18.72339153289795,0.9576601705286387,0.9680304423713512,0.9128000000000001,
lvm_cpu,5000,ok,24.98625757300033,25.117933663000258,1398.4375,29.59375,,0.7724814043534958,0.8547997391914937,0.6460000000000001,"{""stages"": {""sample"": 0.04133621500022855, ""cells"": 0.6188394609998795, ""masses"": 0.16894605400011642, ""graph"": 0.06024829000034515, ""scaling"": 0.3659944989994983, ""voltages"": 0.03802582299977075, ""landmarks"": 23.69217105900043, ""embedding"": 0.0006572430002051988}, ""rho_g"": 0.008659643233600654}"
umap,5000,ok,9.372399691999817,9.3724036349995,716.265625,137.91015625,,0.9557605497040826,0.9685807402949143,0.909,
le,5000,ok,0.8220509060001859,0.8220564339999328,300.40234375,20.65234375,,0.825407623633263,0.9572558732069415,0.6641999999999999,
pca,10000,ok,0.40988090799964993,0.4098876170000949,313.21484375,0.0,,0.7342552633162804,0.9227906831176648,0.4152,
lvm,10000,ok,1.9947690370008786,2.0433806069995626,2422.43359375,169.4765625,562.38818359375,0.7913585354599257,0.8441899769284783,0.6779999999999999,"{""stages"": {""sample"": 0.07089813699985825, ""cells"": 0.06167937099962728, ""masses"": 0.03732328100068116, ""graph"": 0.06663090099937108, ""scaling"": 0.367338774000018, ""voltages"": 0.041217091000362416, ""landmarks"": 1.3487512299998343, ""embedding"": 0.0006711890000588028}, ""rho_g"": 0.006978305848598664}"
umap_gpu,10000,ok,0.27790430299955915,0.27790964800078655,1286.17578125,80.80859375,37.49067211151123,0.9579637395927375,0.9634005135921356,0.932,
lvm_cpu,10000,ok,25.628356239000823,25.89563481299956,1458.3828125,62.5859375,,0.7839707533353395,0.8337555863175845,0.6492,"{""stages"": {""sample"": 0.10093846400013717, ""cells"": 1.7410136830003466, ""masses"": 0.3198764429998846, ""graph"": 0.05326818799949251, ""scaling"": 0.4299155110002175, ""voltages"": 0.03303651700025512, ""landmarks"": 22.949165441999867, ""embedding"": 0.0007234590002553887}, ""rho_g"": 0.007773650302387762}"
umap,10000,ok,9.322778808999828,9.322783456000252,801.6875,192.28125,,0.9574829090179556,0.963850685123884,0.929,
le,10000,ok,5.0034921650003525,5.003496450999592,506.18359375,192.7109375,,0.8460802246965593,0.9542108576587421,0.7068,
pca,20000,ok,0.20303714700003184,0.20304273599958833,381.1796875,0.98046875,,0.7413958952753535,0.9230888674892166,0.41879999999999995,
lvm,20000,ok,2.0790070049997667,2.129549427000711,2591.02734375,273.37890625,562.02587890625,0.7948495134918246,0.8379318527435049,0.6702,"{""stages"": {""sample"": 0.1453461259998221, ""cells"": 0.13101060100052564, ""masses"": 0.05298749399935332, ""graph"": 0.057343338999999105, ""scaling"": 0.4051503030004824, ""voltages"": 0.04185953900014283, ""landmarks"": 1.2442892359995312, ""embedding"": 0.0006836450002083438}, ""rho_g"": 0.006264335366568854}"
umap_gpu,20000,ok,0.49675938800010044,0.49676373599959334,1419.48046875,153.94140625,75.10689067840576,0.9576401925970508,0.9606115718728057,0.9578,
lvm_cpu,20000,ok,28.29618750699956,28.922102530000302,1588.8203125,130.6015625,,0.7799652883940215,0.8394571010131407,0.658,"{""stages"": {""sample"": 0.12603493000005983, ""cells"": 5.302374315000634, ""masses"": 0.6153954909996173, ""graph"": 0.05312166800013074, ""scaling"": 0.39453128399964044, ""voltages"": 0.03925302400057262, ""landmarks"": 21.764159636999466, ""embedding"": 0.0008947659998739255}, ""rho_g"": 0.006264335366568854}"
umap,20000,ok,9.874385431000519,9.874392531000012,994.734375,326.8046875,,0.9574660648008827,0.9603011134517002,0.9554,
le,20000,ok,30.98178793399984,30.981794018000073,1203.109375,822.2109375,,0.8356408265623433,0.9496988825358612,0.7172,
pca,40000,ok,0.48760442699949635,0.4876102569996874,540.6171875,25.55859375,,0.7348030935901293,0.9211614765773899,0.4162,
lvm,40000,ok,2.192752947000372,2.257210512000711,2928.86328125,486.921875,563.67822265625,0.8092061310061189,0.8408382345270338,0.7013999999999999,"{""stages"": {""sample"": 0.23474237200025527, ""cells"": 0.2721536389999528, ""masses"": 0.09963780999987648, ""graph"": 0.06108622800002195, ""scaling"": 0.409160791999966, ""voltages"": 0.042106812999918475, ""landmarks"": 1.0727396350002891, ""embedding"": 0.0006238559999474091}, ""rho_g"": 0.006264335366568854}"
umap_gpu,40000,ok,1.4923978030001308,1.492403149999518,1675.6328125,283.8046875,150.394549369812,0.9541791874811917,0.9598922459624837,0.9681999999999998,
lvm_cpu,40000,ok,30.498022914000103,31.7278438000003,1821.32421875,242.39453125,,0.7966780459424214,0.8337979737185275,0.6806,"{""stages"": {""sample"": 0.22386943499986955, ""cells"": 10.516536781000468, ""masses"": 1.2128240339998229, ""graph"": 0.07903763000012987, ""scaling"": 0.385664020999684, ""voltages"": 0.03225800200016238, ""landmarks"": 18.046569608000027, ""embedding"": 0.0007180269994933042}, ""rho_g"": 0.006978305848598664}"
umap,40000,ok,13.08890362799957,13.088909862999571,1402.59375,615.46875,,0.9543374701574883,0.9596710241749423,0.9645999999999999,
le,40000,ok,234.54366597700027,234.54367283600004,3103.47265625,2588.53515625,,0.8351167057879426,0.9479473126692748,0.7435999999999999,
pca,70000,ok,0.7592732450002586,0.7592791289998786,778.27734375,61.32421875,,0.7384658601665162,0.9215386498144247,0.4168,
lvm,70000,ok,3.0076888300000064,3.1329693369998495,3305.02734375,692.734375,560.24951171875,0.8094757066907413,0.8514730263817836,0.7310000000000001,"{""stages"": {""sample"": 0.5686835320002501, ""cells"": 0.4467349739998099, ""masses"": 0.18081334100043023, ""graph"": 0.06148579799992149, ""scaling"": 0.41693064300034166, ""voltages"": 0.04180566699960764, ""landmarks"": 1.289741192999827, ""embedding"": 0.0006925289999344386}, ""rho_g"": 0.005048065716667474}"
umap_gpu,70000,ok,2.950742588999674,2.950749263999569,1942.890625,379.41796875,357.2845458984375,0.9522939351991173,0.9568298124184973,0.9676,
lvm_cpu,70000,ok,35.37276887900043,36.96246775600048,2049.515625,292.1171875,,0.8102545009529541,0.8371398816330624,0.7208,"{""stages"": {""sample"": 0.27709880600014003, ""cells"": 13.175405273000251, ""masses"": 2.198301956999785, ""graph"": 0.08651734100021713, ""scaling"": 0.397782589999224, ""voltages"": 0.038191645000551944, ""landmarks"": 19.19779183099945, ""embedding"": 0.0008843990008244873}, ""rho_g"": 0.006264335366568854}"
umap,70000,ok,17.558634482999878,17.558644187000027,2052.4375,1085.94140625,,0.9522029692045341,0.9579115056675694,0.9690000000000001,
