n_cells,seed,fit_s,total_s,trustworthiness,continuity,knn_accuracy,stages
100,0,0.8046666110003571,0.9083244840003317,0.7548158290701174,0.7387027384893168,0.5198,"{""sample"": 0.329, ""cells"": 0.261, ""masses"": 0.173, ""graph"": 0.007, ""scaling"": 0.016, ""voltages"": 0.002, ""landmarks"": 0.014, ""embedding"": 0.0}"
250,0,0.7474243979995663,0.814170274999924,0.8620663697462132,0.7758232601063296,0.7518,"{""sample"": 0.202, ""cells"": 0.197, ""masses"": 0.166, ""graph"": 0.016, ""scaling"": 0.078, ""voltages"": 0.014, ""landmarks"": 0.07, ""embedding"": 0.0}"
500,0,1.114182276000065,1.196643552999376,0.8302658601665162,0.8013777791152573,0.7424000000000001,"{""sample"": 0.182, ""cells"": 0.267, ""masses"": 0.183, ""graph"": 0.037, ""scaling"": 0.152, ""voltages"": 0.012, ""landmarks"": 0.278, ""embedding"": 0.001}"
1000,0,2.51623274800113,2.628833986000245,0.8094757066907413,0.8514730263817836,0.7310000000000001,"{""sample"": 0.179, ""cells"": 0.368, ""masses"": 0.178, ""graph"": 0.058, ""scaling"": 0.406, ""voltages"": 0.041, ""landmarks"": 1.283, ""embedding"": 0.001}"
2000,0,11.57503253700088,11.727507487999901,0.7573742040325007,0.8545243775704685,0.5875999999999999,"{""sample"": 0.271, ""cells"": 0.49, ""masses"": 0.213, ""graph"": 0.105, ""scaling"": 2.193, ""voltages"": 0.228, ""landmarks"": 8.06, ""embedding"": 0.009}"
100,1,0.7682105320000119,0.8300408129998686,0.7641422168723041,0.7393322620122379,0.5608000000000001,"{""sample"": 0.172, ""cells"": 0.4, ""masses"": 0.159, ""graph"": 0.004, ""scaling"": 0.017, ""voltages"": 0.002, ""landmarks"": 0.012, ""embedding"": 0.0}"
250,1,0.6537323400007153,0.7157393390007201,0.8704732791654127,0.7696490520613903,0.7482,"{""sample"": 0.173, ""cells"": 0.196, ""masses"": 0.156, ""graph"": 0.01, ""scaling"": 0.051, ""voltages"": 0.006, ""landmarks"": 0.06, ""embedding"": 0.0}"
500,1,1.0846462879999308,1.1684379349990195,0.8397889377068913,0.8127091945029592,0.735,"{""sample"": 0.151, ""cells"": 0.276, ""masses"": 0.19, ""graph"": 0.046, ""scaling"": 0.157, ""voltages"": 0.012, ""landmarks"": 0.251, ""embedding"": 0.0}"
1000,1,2.444413152999914,2.552352595999764,0.8012084822951149,0.8443148640786438,0.7066,"{""sample"": 0.148, ""cells"": 0.37, ""masses"": 0.187, ""graph"": 0.057, ""scaling"": 0.457, ""voltages"": 0.041, ""landmarks"": 1.183, ""embedding"": 0.001}"
2000,1,11.870437327999753,12.036237279999114,0.7872556083859965,0.8624095134918246,0.6646,"{""sample"": 0.152, ""cells"": 0.493, ""masses"": 0.216, ""graph"": 0.109, ""scaling"": 1.721, ""voltages"": 0.22, ""landmarks"": 8.956, ""embedding"": 0.002}"
