dataset,method,family,device,split,n,seed,params,threads,fit_s,total_s,peak_rss_mb,extra_rss_mb,gpu_peak_mb,trustworthiness,continuity,knn_accuracy,distance_correlation,info,status,guard_peak_mb,memory_limit_mb,strategy
mnist,lvm_gpu,lvm,gpu,tune,20000,0,"{""cells"": {""n_cells"": 300}, ""embedding"": {""landmark_mds"": {""missing"": ""chain""}, ""strategy"": ""landmark_mds""}, ""extension"": {""strategy"": ""grounded""}, ""landmarks"": {""count"": {""dimension"": {""multiplier"": 1.0}, ""strategy"": ""dimension""}, ""strategy"": ""mutual_information""}, ""scaling"": {""reach"": {""k"": null, ""quantile"": 0.1}, ""strategy"": ""reach""}}",16,1.6248779839952476,1.6711496179996175,2912.58984375,371.0625,542.0,0.9640426642592035,0.9020627023773699,0.882,0.48999289407415725,"{""stages"": {""sample"": 0.14880001900019124, ""dimension"": 0.327600552001968, ""cells"": 0.10368355899845483, ""masses"": 0.09457435399963288, ""graph"": 0.07529238099959912, ""scaling"": 0.865397508998285, ""voltages"": 0.007861593003326561, ""landmarks"": 1.164199784398079e-05, ""embedding"": 0.0016395229977206327}, ""rho_g"": 0.0011337358567463417, ""reach"": 14.0, ""rho_rounds"": 5, ""n_landmarks"": 14, ""dimension"": 12.253528143819258}",ok,3366.64453125,5000,grounded
mnist,lvm_gpu,lvm,gpu,tune,20000,1,"{""cells"": {""n_cells"": 300}, ""embedding"": {""landmark_mds"": {""missing"": ""chain""}, ""strategy"": ""landmark_mds""}, ""extension"": {""strategy"": ""grounded""}, ""landmarks"": {""count"": {""dimension"": {""multiplier"": 1.0}, ""strategy"": ""dimension""}, ""strategy"": ""mutual_information""}, ""scaling"": {""reach"": {""k"": null, ""quantile"": 0.1}, ""strategy"": ""reach""}}",16,1.3899835949996486,1.4310116939959698,2913.24609375,371.15234375,542.0,0.9681823853947237,0.9271305968502357,0.8866000000000002,0.5318751220998098,"{""stages"": {""sample"": 0.16956712099636206, ""dimension"": 0.3176566690017353, ""cells"": 0.09160480800346704, ""masses"": 0.0720485470010317, ""graph"": 0.10734629599755863, ""scaling"": 0.6220792690000962, ""voltages"": 0.008553988998755813, ""landmarks"": 1.312200038228184e-05, ""embedding"": 0.0010988420035573654}, ""rho_g"": 0.0017458699193484762, ""reach"": 14.0, ""rho_rounds"": 3, ""n_landmarks"": 14, ""dimension"": 12.274789430314609}",ok,3252.60546875,5000,grounded
mnist,lvm_gpu,lvm,gpu,tune,20000,2,"{""cells"": {""n_cells"": 300}, ""embedding"": {""landmark_mds"": {""missing"": ""chain""}, ""strategy"": ""landmark_mds""}, ""extension"": {""strategy"": ""grounded""}, ""landmarks"": {""count"": {""dimension"": {""multiplier"": 1.0}, ""strategy"": ""dimension""}, ""strategy"": ""mutual_information""}, ""scaling"": {""reach"": {""k"": null, ""quantile"": 0.1}, ""strategy"": ""reach""}}",16,1.0687864369974704,1.1096867410014966,2912.90234375,370.72265625,542.0,0.9696087912528839,0.9291093429631858,0.9026,0.5199970920807231,"{""stages"": {""sample"": 0.06522865000442835, ""dimension"": 0.3120013809966622, ""cells"": 0.10629245799646014, ""masses"": 0.06298018200322986, ""graph"": 0.10078183300356613, ""scaling"": 0.413520341993717, ""voltages"": 0.00676481900154613, ""landmarks"": 1.0834999557118863e-05, ""embedding"": 0.001190257004054729}, ""rho_g"": 0.0017484597114273551, ""reach"": 14.0, ""rho_rounds"": 2, ""n_landmarks"": 14, ""dimension"": 12.217663659609494}",ok,3358.54296875,5000,grounded
mnist,lvm_gpu,lvm,gpu,tune,20000,0,"{""cells"": {""n_cells"": 300}, ""embedding"": {""landmark_mds"": {""missing"": ""chain""}, ""strategy"": ""landmark_mds""}, ""extension"": {""strategy"": ""average""}, ""landmarks"": {""count"": {""dimension"": {""multiplier"": 1.0}, ""strategy"": ""dimension""}, ""strategy"": ""mutual_information""}, ""scaling"": {""reach"": {""k"": null, ""quantile"": 0.1}, ""strategy"": ""reach""}}",16,1.5893168350012274,1.6335621279940824,2913.4140625,370.94921875,542.0,0.971072649212559,0.9152706831176648,0.8927999999999999,0.4940016746756012,"{""stages"": {""sample"": 0.183015192997118, ""dimension"": 0.30450840599951334, ""cells"": 0.09471394999854965, ""masses"": 0.0773660650011152, ""graph"": 0.0902012279984774, ""scaling"": 0.8319413880017237, ""voltages"": 0.006466099999670405, ""landmarks"": 9.800998668652028e-06, ""embedding"": 0.0010786780039779842}, ""rho_g"": 0.0011337358567463417, ""reach"": 14.0, ""rho_rounds"": 5, ""n_landmarks"": 14, ""dimension"": 12.253528143819258}",ok,3316.46484375,5000,average
mnist,lvm_gpu,lvm,gpu,tune,20000,1,"{""cells"": {""n_cells"": 300}, ""embedding"": {""landmark_mds"": {""missing"": ""chain""}, ""strategy"": ""landmark_mds""}, ""extension"": {""strategy"": ""average""}, ""landmarks"": {""count"": {""dimension"": {""multiplier"": 1.0}, ""strategy"": ""dimension""}, ""strategy"": ""mutual_information""}, ""scaling"": {""reach"": {""k"": null, ""quantile"": 0.1}, ""strategy"": ""reach""}}",16,1.3116550199993071,1.3550655639992328,2912.51171875,370.87109375,542.0,0.9731640646002608,0.9306199378072023,0.8942,0.5292115687228612,"{""stages"": {""sample"": 0.1828294540027855, ""dimension"": 0.31867719200090505, ""cells"": 0.10094294599548448, ""masses"": 0.09727611700509442, ""graph"": 0.05981221399997594, ""scaling"": 0.544082588996389, ""voltages"": 0.006723828999383841, ""landmarks"": 1.1880001693498343e-05, ""embedding"": 0.0012839319970225915}, ""rho_g"": 0.0017458699193484762, ""reach"": 14.0, ""rho_rounds"": 3, ""n_landmarks"": 14, ""dimension"": 12.274789430314609}",ok,3394.0703125,5000,average
mnist,lvm_gpu,lvm,gpu,tune,20000,2,"{""cells"": {""n_cells"": 300}, ""embedding"": {""landmark_mds"": {""missing"": ""chain""}, ""strategy"": ""landmark_mds""}, ""extension"": {""strategy"": ""average""}, ""landmarks"": {""count"": {""dimension"": {""multiplier"": 1.0}, ""strategy"": ""dimension""}, ""strategy"": ""mutual_information""}, ""scaling"": {""reach"": {""k"": null, ""quantile"": 0.1}, ""strategy"": ""reach""}}",16,1.1471108600017033,1.1878281460012658,2912.6796875,370.8203125,542.0,0.9722182285083759,0.9360614585214164,0.9032,0.5193776760452087,"{""stages"": {""sample"": 0.15296769500127994, ""dimension"": 0.31087223299982725, ""cells"": 0.10122349800076336, ""masses"": 0.06059199599985732, ""graph"": 0.09886916099640075, ""scaling"": 0.41556117700383766, ""voltages"": 0.006002873997204006, ""landmarks"": 9.764000424183905e-06, ""embedding"": 0.0009982920018956065}, ""rho_g"": 0.0017484597114273551, ""reach"": 14.0, ""rho_rounds"": 2, ""n_landmarks"": 14, ""dimension"": 12.217663659609494}",ok,3420.16796875,5000,average
mnist,lvm_pca_gpu,lvm_pca,gpu,tune,20000,0,"{""cells"": {""n_cells"": 300}, ""embedding"": {""landmark_mds"": {""missing"": ""chain""}, ""local_scale"": {""pca"": {""fill"": 0.35}, ""strategy"": ""pca""}, ""strategy"": ""landmark_mds""}, ""extension"": {""strategy"": ""grounded""}, ""landmarks"": {""count"": {""dimension"": {""multiplier"": 1.0}, ""strategy"": ""dimension""}, ""strategy"": ""mutual_information""}, ""scaling"": {""reach"": {""k"": null, ""quantile"": 0.1}, ""strategy"": ""reach""}}",16,1.8220496860012645,1.8751945959957084,3157.9453125,370.796875,1266.0,0.9581833162804695,0.9021849533554017,0.8894,0.48964327649148215,"{""stages"": {""sample"": 0.14448241000354756, ""dimension"": 0.3265868099988438, ""cells"": 0.10545529299997725, ""masses"": 0.06987073199707083, ""graph"": 0.07285952300298959, ""scaling"": 0.8759121080001933, ""voltages"": 0.009952155996870715, ""landmarks"": 1.142800465459004e-05, ""embedding"": 0.0011980589988525026, ""local_scale"": 0.21571670699631795}, ""rho_g"": 0.0011337358567463417, ""reach"": 14.0, ""rho_rounds"": 5, ""n_landmarks"": 14, ""dimension"": 12.253528143819258}",ok,3683.2578125,5000,grounded
mnist,lvm_pca_gpu,lvm_pca,gpu,tune,20000,1,"{""cells"": {""n_cells"": 300}, ""embedding"": {""landmark_mds"": {""missing"": ""chain""}, ""local_scale"": {""pca"": {""fill"": 0.35}, ""strategy"": ""pca""}, ""strategy"": ""landmark_mds""}, ""extension"": {""strategy"": ""grounded""}, ""landmarks"": {""count"": {""dimension"": {""multiplier"": 1.0}, ""strategy"": ""dimension""}, ""strategy"": ""mutual_information""}, ""scaling"": {""reach"": {""k"": null, ""quantile"": 0.1}, ""strategy"": ""reach""}}",16,1.5359204420019523,1.5810333609988447,3157.921875,371.02734375,1266.0,0.9575765272344268,0.9279925168020865,0.8872,0.5335200453930793,"{""stages"": {""sample"": 0.2126901900046505, ""dimension"": 0.33657594899705146, ""cells"": 0.11701046400412451, ""masses"": 0.06604256999708014, ""graph"": 0.0620962140019401, ""scaling"": 0.5676641079990077, ""voltages"": 0.008414415999141056, ""landmarks"": 1.1315001756884158e-05, ""embedding"": 0.0010854169959202409, ""local_scale"": 0.16432496500056004}, ""rho_g"": 0.0017458699193484762, ""reach"": 14.0, ""rho_rounds"": 3, ""n_landmarks"": 14, ""dimension"": 12.274789430314609}",ok,3538.234375,5000,grounded
mnist,lvm_pca_gpu,lvm_pca,gpu,tune,20000,2,"{""cells"": {""n_cells"": 300}, ""embedding"": {""landmark_mds"": {""missing"": ""chain""}, ""local_scale"": {""pca"": {""fill"": 0.35}, ""strategy"": ""pca""}, ""strategy"": ""landmark_mds""}, ""extension"": {""strategy"": ""grounded""}, ""landmarks"": {""count"": {""dimension"": {""multiplier"": 1.0}, ""strategy"": ""dimension""}, ""strategy"": ""mutual_information""}, ""scaling"": {""reach"": {""k"": null, ""quantile"": 0.1}, ""strategy"": ""reach""}}",16,1.346282312006224,1.39291948400205,3157.98828125,370.75,1266.0,0.9567495195104825,0.9297126933493831,0.8992000000000001,0.5194372027716384,"{""stages"": {""sample"": 0.19041871299850754, ""dimension"": 0.34489555100299185, ""cells"": 0.10096018599870149, ""masses"": 0.06607591200008756, ""graph"": 0.0537780209997436, ""scaling"": 0.3988339339994127, ""voltages"": 0.008608942000137176, ""landmarks"": 1.1697004083544016e-05, ""embedding"": 0.001265261998923961, ""local_scale"": 0.18142833199817687}, ""rho_g"": 0.0017484597114273551, ""reach"": 14.0, ""rho_rounds"": 2, ""n_landmarks"": 14, ""dimension"": 12.217663659609494}",ok,3620.90625,5000,grounded
mnist,lvm_pca_gpu,lvm_pca,gpu,tune,20000,0,"{""cells"": {""n_cells"": 300}, ""embedding"": {""landmark_mds"": {""missing"": ""chain""}, ""local_scale"": {""pca"": {""fill"": 0.35}, ""strategy"": ""pca""}, ""strategy"": ""landmark_mds""}, ""extension"": {""strategy"": ""average""}, ""landmarks"": {""count"": {""dimension"": {""multiplier"": 1.0}, ""strategy"": ""dimension""}, ""strategy"": ""mutual_information""}, ""scaling"": {""reach"": {""k"": null, ""quantile"": 0.1}, ""strategy"": ""reach""}}",16,1.8972581570051261,1.947448387996701,3157.42578125,370.94921875,1266.0,0.9626195566255392,0.9147101213762664,0.8884000000000001,0.49443931793238866,"{""stages"": {""sample"": 0.1414410260040313, ""dimension"": 0.3234355099993991, ""cells"": 0.1334100340027362, ""masses"": 0.06267673799447948, ""graph"": 0.10902316000283463, ""scaling"": 0.9337755289961933, ""voltages"": 0.010952943004667759, ""landmarks"": 8.807000995147973e-06, ""embedding"": 0.0011751849961001426, ""local_scale"": 0.1813534110042383}, ""rho_g"": 0.0011337358567463417, ""reach"": 14.0, ""rho_rounds"": 5, ""n_landmarks"": 14, ""dimension"": 12.253528143819258}",ok,3658.5546875,5000,average
mnist,lvm_pca_gpu,lvm_pca,gpu,tune,20000,1,"{""cells"": {""n_cells"": 300}, ""embedding"": {""landmark_mds"": {""missing"": ""chain""}, ""local_scale"": {""pca"": {""fill"": 0.35}, ""strategy"": ""pca""}, ""strategy"": ""landmark_mds""}, ""extension"": {""strategy"": ""average""}, ""landmarks"": {""count"": {""dimension"": {""multiplier"": 1.0}, ""strategy"": ""dimension""}, ""strategy"": ""mutual_information""}, ""scaling"": {""reach"": {""k"": null, ""quantile"": 0.1}, ""strategy"": ""reach""}}",16,1.4830649069990613,1.5295752460006042,3157.40625,370.921875,1266.0,0.9663976326612499,0.9310747477179255,0.8932,0.5306590865897557,"{""stages"": {""sample"": 0.10633505000441801, ""dimension"": 0.32186573399667395, ""cells"": 0.10269616100413259, ""masses"": 0.06052664299932076, ""graph"": 0.09615256799588678, ""scaling"": 0.6181294090056326, ""voltages"": 0.007588068998302333, ""landmarks"": 1.1373995221219957e-05, ""embedding"": 0.001124364003771916, ""local_scale"": 0.168631243002892}, ""rho_g"": 0.0017458699193484762, ""reach"": 14.0, ""rho_rounds"": 3, ""n_landmarks"": 14, ""dimension"": 12.274789430314609}",ok,3655.69140625,5000,average
mnist,lvm_pca_gpu,lvm_pca,gpu,tune,20000,2,"{""cells"": {""n_cells"": 300}, ""embedding"": {""landmark_mds"": {""missing"": ""chain""}, ""local_scale"": {""pca"": {""fill"": 0.35}, ""strategy"": ""pca""}, ""strategy"": ""landmark_mds""}, ""extension"": {""strategy"": ""average""}, ""landmarks"": {""count"": {""dimension"": {""multiplier"": 1.0}, ""strategy"": ""dimension""}, ""strategy"": ""mutual_information""}, ""scaling"": {""reach"": {""k"": null, ""quantile"": 0.1}, ""strategy"": ""reach""}}",16,1.273879571002908,1.3290197080059443,3158.72265625,370.98828125,1266.0,0.9629039462333233,0.9363531748420102,0.8987999999999999,0.5185374769574097,"{""stages"": {""sample"": 0.08529164199717343, ""dimension"": 0.3341828800039366, ""cells"": 0.12398628599476069, ""masses"": 0.06798422900465084, ""graph"": 0.09371401399403112, ""scaling"": 0.39223175900406204, ""voltages"": 0.00673376699705841, ""landmarks"": 1.1330004781484604e-05, ""embedding"": 0.001106876996345818, ""local_scale"": 0.16862765100086108}, ""rho_g"": 0.0017484597114273551, ""reach"": 14.0, ""rho_rounds"": 2, ""n_landmarks"": 14, ""dimension"": 12.217663659609494}",ok,3680.44921875,5000,average
