method,family,device,split,n,seed,params,threads,fit_s,total_s,peak_rss_mb,extra_rss_mb,gpu_peak_mb,trustworthiness,continuity,knn_accuracy,distance_correlation,info,n_cells,status
lvm_gpu,lvm,gpu,tune,5000,0,"{""cells"": {""n_cells"": 100}, ""landmarks"": {""n_landmarks"": 10}}",16,0.1692110589992808,0.19283915199957846,2257.6875,91.76171875,50.0,0.7725283097602568,0.7269313351389306,0.592,-0.03571766936871361,"{""stages"": {""sample"": 0.0282333289997041, ""cells"": 0.032093370999064064, ""masses"": 0.02508238000154961, ""graph"": 0.028618427999390406, ""scaling"": 0.04074701600075059, ""voltages"": 0.002520479998565861, ""landmarks"": 0.011589792000449961, ""embedding"": 0.0003067310008191271}, ""rho_g"": 0.4450794062355996}",100,ok
lvm_gpu,lvm,gpu,tune,5000,1,"{""cells"": {""n_cells"": 100}, ""landmarks"": {""n_landmarks"": 10}}",16,0.1428010899999208,0.16616895699917222,2848.015625,0.0,50.0,0.7743733373457719,0.7274447266526232,0.557,-0.009057741995321271,"{""stages"": {""sample"": 0.012138857000536518, ""cells"": 0.027701393000825192, ""masses"": 0.022425351999117993, ""graph"": 0.02386592900074902, ""scaling"": 0.04011595100018894, ""voltages"": 0.0037492760002351133, ""landmarks"": 0.012491882998801884, ""embedding"": 0.00029053400066914037}, ""rho_g"": 0.4572526698969311}",100,ok
lvm_gpu,lvm,gpu,tune,5000,2,"{""cells"": {""n_cells"": 100}, ""landmarks"": {""n_landmarks"": 10}}",16,0.15319775799980562,0.16917807400022866,2860.41796875,0.0,50.0,0.773182445581302,0.7237409569665965,0.5548,-0.0680913328508141,"{""stages"": {""sample"": 0.010681768999347696, ""cells"": 0.03875219100154936, ""masses"": 0.026177074998486205, ""graph"": 0.018166414000006625, ""scaling"": 0.04794956900150282, ""voltages"": 0.0025430799996684073, ""landmarks"": 0.008690574999491218, ""embedding"": 0.00022220100072445348}, ""rho_g"": 0.4572526698969311}",100,ok
lvm_gpu,lvm,gpu,tune,5000,0,"{""cells"": {""n_cells"": 150}, ""landmarks"": {""n_landmarks"": 10}}",16,0.2009465569990425,0.2114952150004683,2860.84375,0.0,70.0,0.8228699488414084,0.7625314474872104,0.7026,-0.05701079614700339,"{""stages"": {""sample"": 0.010570663000180502, ""cells"": 0.03063070499956666, ""masses"": 0.02632046400140098, ""graph"": 0.02695006099929742, ""scaling"": 0.09026110400009202, ""voltages"": 0.0032404480007244274, ""landmarks"": 0.012671898999542464, ""embedding"": 0.00028202799876453355}, ""rho_g"": 0.21479850285170088}",150,ok
lvm_gpu,lvm,gpu,tune,5000,1,"{""cells"": {""n_cells"": 150}, ""landmarks"": {""n_landmarks"": 10}}",16,0.27874320999944757,0.306309028999749,2861.5390625,0.0,62.0,0.8490067368843415,0.7563218978834386,0.6843999999999999,-0.021406523844334405,"{""stages"": {""sample"": 0.010520042000280228, ""cells"": 0.043200995000006515, ""masses"": 0.03161150600135443, ""graph"": 0.04709999399892695, ""scaling"": 0.08750768699974287, ""voltages"": 0.011596870001085335, ""landmarks"": 0.04690433299947472, ""embedding"": 0.0002787220000755042}, ""rho_g"": 0.20908000412787184}",150,ok
lvm_gpu,lvm,gpu,tune,5000,2,"{""cells"": {""n_cells"": 150}, ""landmarks"": {""n_landmarks"": 10}}",16,0.2347860479985684,0.25948008699924685,2861.5390625,0.0,62.0,0.8288266947537366,0.7484866245360617,0.6738000000000001,-0.07977773894170108,"{""stages"": {""sample"": 0.010456691999934264, ""cells"": 0.03695365299972764, ""masses"": 0.03701529600039066, ""graph"": 0.03619340099976398, ""scaling"": 0.05697455900008208, ""voltages"": 0.007610235999891302, ""landmarks"": 0.04927772100018046, ""embedding"": 0.0002824399998644367}, ""rho_g"": 0.220673406908459}",150,ok
lvm_gpu,lvm,gpu,tune,5000,0,"{""cells"": {""n_cells"": 200}, ""landmarks"": {""n_landmarks"": 10}}",16,0.3650139479996142,0.3961767629989481,2861.60546875,0.0,148.0,0.8381560678102117,0.7815393359414184,0.6981999999999999,-0.04484935466096989,"{""stages"": {""sample"": 0.010457794000103604, ""cells"": 0.04400885399991239, ""masses"": 0.050137361000452074, ""graph"": 0.01004326200018113, ""scaling"": 0.11586429199996928, ""voltages"": 0.004602143999363761, ""landmarks"": 0.12957615699997405, ""embedding"": 0.00030145200071274303}, ""rho_g"": 0.139486202241965}",200,ok
lvm_gpu,lvm,gpu,tune,5000,1,"{""cells"": {""n_cells"": 200}, ""landmarks"": {""n_landmarks"": 10}}",16,0.44642081699930714,0.46825908400023764,2862.87109375,0.0,154.0,0.8212878683920153,0.777853818838399,0.6324,-0.005304491433808278,"{""stages"": {""sample"": 0.01037153200013563, ""cells"": 0.04056464400127879, ""masses"": 0.035732309999730205, ""graph"": 0.07288924000022234, ""scaling"": 0.09724669599927438, ""voltages"": 0.004874238000411424, ""landmarks"": 0.18442170500020438, ""embedding"": 0.00029804899895680137}, ""rho_g"": 0.12863969449369747}",200,ok
lvm_gpu,lvm,gpu,tune,5000,2,"{""cells"": {""n_cells"": 200}, ""landmarks"": {""n_landmarks"": 10}}",16,0.4632881590005127,0.4958654759993806,2874.2109375,0.0,164.0,0.8146894773798776,0.7654848670879727,0.6454000000000001,-0.05297596462026574,"{""stages"": {""sample"": 0.010401903000456514, ""cells"": 0.02742276299977675, ""masses"": 0.04755866300001799, ""graph"": 0.06040279099943291, ""scaling"": 0.10095469199950458, ""voltages"": 0.00477130500075873, ""landmarks"": 0.21146566400057054, ""embedding"": 0.00028075399859517347}, ""rho_g"": 0.11863661590503344}",200,ok
lvm_gpu,lvm,gpu,tune,5000,0,"{""cells"": {""n_cells"": 300}, ""landmarks"": {""n_landmarks"": 10}}",16,0.3406878179994237,0.37744057799864095,2874.2109375,0.0,366.0,0.825713897080951,0.8014811595947438,0.6954,0.018698812466077307,"{""stages"": {""sample"": 0.011235236001084559, ""cells"": 0.027790230999016785, ""masses"": 0.02882061000127578, ""graph"": 0.08035613599895441, ""scaling"": 0.10495080500004406, ""voltages"": 0.006848760000139009, ""landmarks"": 0.08024056000067503, ""embedding"": 0.0004125420000491431}, ""rho_g"": 0.04869675251658632}",300,ok
lvm_gpu,lvm,gpu,tune,5000,1,"{""cells"": {""n_cells"": 300}, ""landmarks"": {""n_landmarks"": 10}}",16,0.31378845700055535,0.32560257600016485,2875.66796875,0.0,374.0,0.8021141137526331,0.7944119490420303,0.6205999999999999,-0.05512651781179671,"{""stages"": {""sample"": 0.0107950420006091, ""cells"": 0.026663311999072903, ""masses"": 0.02376575500056788, ""graph"": 0.05504761900010635, ""scaling"": 0.11323525499938114, ""voltages"": 0.00572758700036502, ""landmarks"": 0.07824332299969683, ""embedding"": 0.00028919000033056363}, ""rho_g"": 0.05139696800771512}",300,ok
lvm_gpu,lvm,gpu,tune,5000,2,"{""cells"": {""n_cells"": 300}, ""landmarks"": {""n_landmarks"": 10}}",16,0.3302015150002262,0.3441932879995875,2907.87109375,0.0,382.0,0.810217791152573,0.7990144808907613,0.6588,-0.005204254783284055,"{""stages"": {""sample"": 0.010713536999901407, ""cells"": 0.023830793999877642, ""masses"": 0.04028052600006049, ""graph"": 0.0642302109990851, ""scaling"": 0.10745877200133691, ""voltages"": 0.0058684519990492845, ""landmarks"": 0.07734480399994936, ""embedding"": 0.00044143800005258527}, ""rho_g"": 0.05280271456481318}",300,ok
lvm_gpu,lvm,gpu,tune,5000,0,"{""cells"": {""n_cells"": 400}, ""landmarks"": {""n_landmarks"": 10}}",16,0.38491728699955274,0.4026490889991692,2908.16015625,0.0,442.0,0.8348449352994283,0.830245055672585,0.6921999999999999,0.07879485113475912,"{""stages"": {""sample"": 0.010376877000453533, ""cells"": 0.027451202000520425, ""masses"": 0.025809483999182703, ""graph"": 0.08033620199967118, ""scaling"": 0.10743913100122882, ""voltages"": 0.008216438998715603, ""landmarks"": 0.1248737620007887, ""embedding"": 0.0003764949997275835}, ""rho_g"": 0.025482967479793468}",400,ok
lvm_gpu,lvm,gpu,tune,5000,1,"{""cells"": {""n_cells"": 400}, ""landmarks"": {""n_landmarks"": 10}}",16,0.4489768200000981,0.477587859999403,2909.34375,0.0,442.0,0.8188743304243153,0.8140176025679606,0.6730000000000002,-0.015497341241674947,"{""stages"": {""sample"": 0.010568597999736085, ""cells"": 0.02457031600170012, ""masses"": 0.02752137999959814, ""graph"": 0.09096777199920325, ""scaling"": 0.14572737799971947, ""voltages"": 0.014075835000767256, ""landmarks"": 0.13519639900005131, ""embedding"": 0.00032149899925570935}, ""rho_g"": 0.029961427410043647}",400,ok
lvm_gpu,lvm,gpu,tune,5000,2,"{""cells"": {""n_cells"": 400}, ""landmarks"": {""n_landmarks"": 10}}",16,0.4430525080006191,0.4687899179989472,2910.58203125,0.0,570.0,0.8036437837295616,0.8168910903801785,0.6394,0.050709385746778184,"{""stages"": {""sample"": 0.01097540100090555, ""cells"": 0.042658636999476585, ""masses"": 0.03068102299948805, ""graph"": 0.06991212499997346, ""scaling"": 0.14556719200118096, ""voltages"": 0.007855979998566909, ""landmarks"": 0.13502178500129958, ""embedding"": 0.0003518449993862305}, ""rho_g"": 0.029961427410043647}",400,ok
lvm_gpu,lvm,gpu,tune,5000,0,"{""cells"": {""n_cells"": 600}, ""landmarks"": {""n_landmarks"": 10}}",16,0.7377905859993916,0.7733571700009634,2910.66796875,0.0,822.0,0.7859092426522218,0.8409994904203029,0.625,0.16020677384828194,"{""stages"": {""sample"": 0.010360284000853426, ""cells"": 0.025933724999049446, ""masses"": 0.022677349001241964, ""graph"": 0.08261432600011176, ""scaling"": 0.2537307709990273, ""voltages"": 0.018879561001085676, ""landmarks"": 0.32320361100028094, ""embedding"": 0.0003558609987521777}, ""rho_g"": 0.012980195990183808}",600,ok
lvm_gpu,lvm,gpu,tune,5000,1,"{""cells"": {""n_cells"": 600}, ""landmarks"": {""n_landmarks"": 10}}",16,0.7829452360001596,0.8022573310008738,2912.3359375,0.0,574.0,0.7999702437556424,0.8381155461931988,0.6824,0.0686643544473141,"{""stages"": {""sample"": 0.010741022000729572, ""cells"": 0.027672793999954592, ""masses"": 0.025124546000370174, ""graph"": 0.13811825300035707, ""scaling"": 0.2533786570002121, ""voltages"": 0.019664165998619865, ""landmarks"": 0.30784534700069344, ""embedding"": 0.00037039800008642487}, ""rho_g"": 0.013699942677165552}",600,ok
lvm_gpu,lvm,gpu,tune,5000,2,"{""cells"": {""n_cells"": 600}, ""landmarks"": {""n_landmarks"": 10}}",16,0.6249550140000792,0.6569576470010361,2912.421875,0.0,572.0,0.797268203430635,0.8440780339051058,0.6414,0.12605953879808696,"{""stages"": {""sample"": 0.010419842999908724, ""cells"": 0.02464645500003826, ""masses"": 0.0394376749991352, ""graph"": 0.10477626600004442, ""scaling"": 0.13568256400139944, ""voltages"": 0.018635212998560746, ""landmarks"": 0.29090062900104385, ""embedding"": 0.0004292310004530009}, ""rho_g"": 0.013335214321633242}",600,ok
lvm_gpu,lvm,gpu,tune,5000,0,"{""cells"": {""n_cells"": 800}, ""landmarks"": {""n_landmarks"": 10}}",16,1.0410182409996196,1.0699124990005657,2912.60546875,0.0,716.0,0.7784521576888354,0.8565765192095496,0.6308,0.2797206966564815,"{""stages"": {""sample"": 0.010580124000625801, ""cells"": 0.02823530900059268, ""masses"": 0.024720621999222203, ""graph"": 0.07367029700071726, ""scaling"": 0.30701803199917777, ""voltages"": 0.027847858000313863, ""landmarks"": 0.5684971859991492, ""embedding"": 0.0004025670004921267}, ""rho_g"": 0.00736525012271228}",800,ok
lvm_gpu,lvm,gpu,tune,5000,1,"{""cells"": {""n_cells"": 800}, ""landmarks"": {""n_landmarks"": 10}}",16,1.0224003339990304,1.051469140998961,2914.62890625,0.0,714.0,0.7873824255191092,0.8569460166516201,0.65,0.21101457851028457,"{""stages"": {""sample"": 0.010498699999516248, ""cells"": 0.026713970999480807, ""masses"": 0.038462636000986095, ""graph"": 0.10023928000009619, ""scaling"": 0.2628036819987756, ""voltages"": 0.038139756999953534, ""landmarks"": 0.5451115450014186, ""embedding"": 0.0003948399989894824}, ""rho_g"": 0.006978305848598664}",800,ok
lvm_gpu,lvm,gpu,tune,5000,2,"{""cells"": {""n_cells"": 800}, ""landmarks"": {""n_landmarks"": 10}}",16,1.1253968149994762,1.1611766210007772,2914.62890625,0.0,588.0,0.7804518286688735,0.8476025358611696,0.6085999999999999,0.22787775399000268,"{""stages"": {""sample"": 0.010680584999136045, ""cells"": 0.03176086300118186, ""masses"": 0.030170001000442426, ""graph"": 0.13076693399852957, ""scaling"": 0.3145983190006518, ""voltages"": 0.030022802000530646, ""landmarks"": 0.5768244859991682, ""embedding"": 0.0005046500009484589}, ""rho_g"": 0.008204696109024995}",800,ok
lvm_gpu,lvm,gpu,tune,10000,0,"{""cells"": {""n_cells"": 100}, ""landmarks"": {""n_landmarks"": 10}}",16,0.1703622449986142,0.19089572700067947,2914.7109375,0.0,92.0,0.7977938007824255,0.7442380660046143,0.5811999999999999,0.005980563006402751,"{""stages"": {""sample"": 0.029809792999003548, ""cells"": 0.043225471999903675, ""masses"": 0.03356728400103748, ""graph"": 0.019984590999229113, ""scaling"": 0.03425240499927895, ""voltages"": 0.0023571750007249648, ""landmarks"": 0.006689801999527845, ""embedding"": 0.00021650500093528535}, ""rho_g"": 0.43323022673587985}",100,ok
lvm_gpu,lvm,gpu,tune,10000,1,"{""cells"": {""n_cells"": 100}, ""landmarks"": {""n_landmarks"": 10}}",16,0.24364845099989907,0.27779048800039163,2973.453125,0.0,92.0,0.7488683960276858,0.7206602989266726,0.5782,-0.04908594866695029,"{""stages"": {""sample"": 0.030561793999368092, ""cells"": 0.046177849000741844, ""masses"": 0.06126461599887989, ""graph"": 0.045481278000806924, ""scaling"": 0.050413126999046654, ""voltages"": 0.00225225200119894, ""landmarks"": 0.006918922999830102, ""embedding"": 0.0002211379996879259}, ""rho_g"": 0.4858737513000528}",100,ok
lvm_gpu,lvm,gpu,tune,10000,2,"{""cells"": {""n_cells"": 100}, ""landmarks"": {""n_landmarks"": 10}}",16,0.4910180789993319,0.5371215770010167,2973.453125,0.0,109.76953125,0.7737968903601163,0.7307540294914234,0.5682,-0.05862597586375267,"{""stages"": {""sample"": 0.05415685700063477, ""cells"": 0.056662212999071926, ""masses"": 0.12005192799915676, ""graph"": 0.10507590800079925, ""scaling"": 0.12117689899969264, ""voltages"": 0.011591288999625249, ""landmarks"": 0.01996380200034764, ""embedding"": 0.0011051849996874807}, ""rho_g"": 0.4958068241684656}",100,ok
lvm_gpu,lvm,gpu,tune,10000,0,"{""cells"": {""n_cells"": 150}, ""landmarks"": {""n_landmarks"": 10}}",16,0.46498831499957305,0.5143659590012248,2973.453125,0.0,92.0,0.8391233383488815,0.7720003290199619,0.7003999999999999,-0.03647744361942968,"{""stages"": {""sample"": 0.051639145000081044, ""cells"": 0.0839180259990826, ""masses"": 0.08066425400102162, ""graph"": 0.1554841449997184, ""scaling"": 0.05905421500028751, ""voltages"": 0.01030393200016988, ""landmarks"": 0.023116569998819614, ""embedding"": 0.00044485199941846076}, ""rho_g"": 0.1778279410038923}",150,ok
lvm_gpu,lvm,gpu,tune,10000,1,"{""cells"": {""n_cells"": 150}, ""landmarks"": {""n_landmarks"": 10}}",16,0.3957681150004646,0.43939183200018306,2973.453125,0.0,92.0,0.8143087370849633,0.7624219279767278,0.6926,-0.058191747711529636,"{""stages"": {""sample"": 0.04141639100089378, ""cells"": 0.049737126000763965, ""masses"": 0.046823324999422766, ""graph"": 0.13167794800028787, ""scaling"": 0.08822434699868609, ""voltages"": 0.007531277000452974, ""landmarks"": 0.029598365001220373, ""embedding"": 0.0003810779999184888}, ""rho_g"": 0.220673406908459}",150,ok
lvm_gpu,lvm,gpu,tune,10000,2,"{""cells"": {""n_cells"": 150}, ""landmarks"": {""n_landmarks"": 10}}",16,0.40704755499973544,0.44734808199973486,2973.453125,0.0,92.0,0.829086367739994,0.7582307392918046,0.7173999999999999,-0.0027581644312784266,"{""stages"": {""sample"": 0.07069369700002426, ""cells"": 0.05484356399938406, ""masses"": 0.05336952600009681, ""graph"": 0.08017048600049748, ""scaling"": 0.1221810569986701, ""voltages"": 0.005981154999972205, ""landmarks"": 0.01906581000002916, ""embedding"": 0.00034657800097193103}, ""rho_g"": 0.20908000412787184}",150,ok
lvm_gpu,lvm,gpu,tune,10000,0,"{""cells"": {""n_cells"": 200}, ""landmarks"": {""n_landmarks"": 10}}",16,0.343369789999997,0.36536209899895766,2973.453125,0.0,114.0,0.8432770267830274,0.789161857759053,0.709,-0.019907237905377993,"{""stages"": {""sample"": 0.05132121399947209, ""cells"": 0.058572611000272445, ""masses"": 0.0494038550004916, ""graph"": 0.06616593699982332, ""scaling"": 0.07294190999891725, ""voltages"": 0.01066695100053039, ""landmarks"": 0.03354392500114045, ""embedding"": 0.0003839349992631469}, ""rho_g"": 0.11547819846894583}",200,ok
lvm_gpu,lvm,gpu,tune,10000,1,"{""cells"": {""n_cells"": 200}, ""landmarks"": {""n_landmarks"": 10}}",16,0.4891568469993217,0.5220039539999561,2973.453125,0.0,116.0,0.8255604172936102,0.7786988062995285,0.6854,-0.029352276982800563,"{""stages"": {""sample"": 0.032431436999104335, ""cells"": 0.04794659800063528, ""masses"": 0.10016016500048863, ""graph"": 0.1135886339998251, ""scaling"": 0.1381717629992636, ""voltages"": 0.011135853001178475, ""landmarks"": 0.045144180998249794, ""embedding"": 0.0003078130011999747}, ""rho_g"": 0.11863661590503344}",200,ok
lvm_gpu,lvm,gpu,tune,10000,2,"{""cells"": {""n_cells"": 200}, ""landmarks"": {""n_landmarks"": 10}}",16,0.29511272200034,0.3168866189989785,2973.453125,0.0,120.0,0.8494517564449794,0.786460022068412,0.72,-0.029641851661071493,"{""stages"": {""sample"": 0.030281253999419278, ""cells"": 0.04883711500042409, ""masses"": 0.028143540001110523, ""graph"": 0.0493286619985156, ""scaling"": 0.10394693100170116, ""voltages"": 0.0060491899985208875, ""landmarks"": 0.02779172300142818, ""embedding"": 0.0004176119982730597}, ""rho_g"": 0.10794514772342588}",200,ok
lvm_gpu,lvm,gpu,tune,10000,0,"{""cells"": {""n_cells"": 300}, ""landmarks"": {""n_landmarks"": 10}}",16,0.45505907999904593,0.47941899800025567,2973.453125,0.0,408.0,0.8398767539372053,0.8090307473166817,0.7373999999999999,0.03237260846782925,"{""stages"": {""sample"": 0.04620282799987763, ""cells"": 0.05675907799923152, ""masses"": 0.035571592999986024, ""graph"": 0.09768289500061655, ""scaling"": 0.12926875700031815, ""voltages"": 0.005933368998739752, ""landmarks"": 0.08299972700115177, ""embedding"": 0.00036880299921904225}, ""rho_g"": 0.04141784514364404}",300,ok
lvm_gpu,lvm,gpu,tune,10000,1,"{""cells"": {""n_cells"": 300}, ""landmarks"": {""n_landmarks"": 10}}",16,0.37671514300018316,0.41114053199999034,2973.453125,0.0,432.0,0.8305741077339753,0.8069028869495436,0.7127999999999999,0.01118948560859031,"{""stages"": {""sample"": 0.032079190999866114, ""cells"": 0.05334343499998795, ""masses"": 0.03603714000018954, ""graph"": 0.05187364599987632, ""scaling"": 0.11744940199969278, ""voltages"": 0.005812059000163572, ""landmarks"": 0.0794556159999047, ""embedding"": 0.0003397700002096826}, ""rho_g"": 0.04255065502465412}",300,ok
lvm_gpu,lvm,gpu,tune,10000,2,"{""cells"": {""n_cells"": 300}, ""landmarks"": {""n_landmarks"": 10}}",16,0.4178001349991973,0.4427982549987064,2973.453125,0.0,416.0,0.8455240966997692,0.8123279205537165,0.7276,0.07421652384596222,"{""stages"": {""sample"": 0.03343041900006938, ""cells"": 0.04838037199988321, ""masses"": 0.03610049300004903, ""graph"": 0.10228797200034023, ""scaling"": 0.11206764499911515, ""voltages"": 0.009580253999956767, ""landmarks"": 0.07521518599969568, ""embedding"": 0.0003164870013279142}, ""rho_g"": 0.039241897584845364}",300,ok
lvm_gpu,lvm,gpu,tune,10000,0,"{""cells"": {""n_cells"": 400}, ""landmarks"": {""n_landmarks"": 10}}",16,0.4732891990006465,0.5049609719990258,2973.453125,0.0,500.0,0.842418429130304,0.8165034045541177,0.7154,0.07919539150747572,"{""stages"": {""sample"": 0.03195942100137472, ""cells"": 0.04799252299926593, ""masses"": 0.03225822900094499, ""graph"": 0.072640689999389, ""scaling"": 0.13910154800032615, ""voltages"": 0.010371070000473992, ""landmarks"": 0.13834172299903003, ""embedding"": 0.00035616800050775055}, ""rho_g"": 0.024144182212566402}",400,ok
lvm_gpu,lvm,gpu,tune,10000,1,"{""cells"": {""n_cells"": 400}, ""landmarks"": {""n_landmarks"": 10}}",16,0.46271979400080454,0.49885598699984257,2973.453125,0.0,500.0,0.8368601183669375,0.8238499026983649,0.7274,0.05912463420378003,"{""stages"": {""sample"": 0.051580438999735634, ""cells"": 0.0468331850006507, ""masses"": 0.03916642299918749, ""graph"": 0.04347105400120199, ""scaling"": 0.12483801799862704, ""voltages"": 0.015525722999882419, ""landmarks"": 0.14062242200088804, ""embedding"": 0.000399906999518862}, ""rho_g"": 0.020535250264571463}",400,ok
lvm_gpu,lvm,gpu,tune,10000,2,"{""cells"": {""n_cells"": 400}, ""landmarks"": {""n_landmarks"": 10}}",16,0.5112666980003269,0.5506133420003607,2973.453125,0.0,500.0,0.8116650576788043,0.82358314775805,0.6902,0.10028477273579543,"{""stages"": {""sample"": 0.032645506000335445, ""cells"": 0.04627791600069031, ""masses"": 0.04088525499901152, ""graph"": 0.07421276999957627, ""scaling"": 0.1662628300000506, ""voltages"": 0.014297824000095716, ""landmarks"": 0.1360066570014169, ""embedding"": 0.00035007799851882737}, ""rho_g"": 0.02287573200318396}",400,ok
lvm_gpu,lvm,gpu,tune,10000,0,"{""cells"": {""n_cells"": 600}, ""landmarks"": {""n_landmarks"": 10}}",16,0.8203840800015314,0.8531287130008423,2973.453125,0.0,630.0,0.804948239542582,0.838899111244859,0.6768,0.16524221859156124,"{""stages"": {""sample"": 0.03456954700050119, ""cells"": 0.05087033800009522, ""masses"": 0.04825745999914943, ""graph"": 0.11380853500122612, ""scaling"": 0.2427935149989935, ""voltages"": 0.02266129100098624, ""landmarks"": 0.3067907579988969, ""embedding"": 0.0003673740011436166}, ""rho_g"": 0.00964661619911199}",600,ok
lvm_gpu,lvm,gpu,tune,10000,1,"{""cells"": {""n_cells"": 600}, ""landmarks"": {""n_landmarks"": 10}}",16,0.868902022999464,0.91034816300089,2973.453125,0.0,630.0,0.8237541498645802,0.8555436974621327,0.704,0.14902755872323792,"{""stages"": {""sample"": 0.050701604999630945, ""cells"": 0.05854126600024756, ""masses"": 0.04465418700056034, ""graph"": 0.1258916839997255, ""scaling"": 0.26339441100026306, ""voltages"": 0.017045205999238533, ""landmarks"": 0.30788411799949245, ""embedding"": 0.0004227900008118013}, ""rho_g"": 0.00991045856248861}",600,ok
lvm_gpu,lvm,gpu,tune,10000,2,"{""cells"": {""n_cells"": 600}, ""landmarks"": {""n_landmarks"": 10}}",16,0.804952611999397,0.8331980989987642,2973.453125,0.0,630.0,0.8112497261510683,0.8465375945430835,0.6724,0.14834404358891543,"{""stages"": {""sample"": 0.034805353001502226, ""cells"": 0.05522243999985221, ""masses"": 0.050847234999309876, ""graph"": 0.12758141300037096, ""scaling"": 0.22616885800016462, ""voltages"": 0.02640256399899954, ""landmarks"": 0.28318209200006095, ""embedding"": 0.0003680339996208204}, ""rho_g"": 0.010181517217181822}",600,ok
lvm_gpu,lvm,gpu,tune,10000,0,"{""cells"": {""n_cells"": 800}, ""landmarks"": {""n_landmarks"": 10}}",16,1.2047389449999173,1.24148784099998,2973.453125,0.0,662.0,0.8092081813622228,0.8572094292306149,0.6858,0.22174235245393095,"{""stages"": {""sample"": 0.031977906999600236, ""cells"": 0.0691142800005764, ""masses"": 0.033141772999442765, ""graph"": 0.11756116700053099, ""scaling"": 0.32218488400030765, ""voltages"": 0.031076776998816058, ""landmarks"": 0.5988855880004849, ""embedding"": 0.000463620999653358}, ""rho_g"": 0.005935229272296986}",800,ok
lvm_gpu,lvm,gpu,tune,10000,1,"{""cells"": {""n_cells"": 800}, ""landmarks"": {""n_landmarks"": 10}}",16,1.3978144289994816,1.433859675000349,2973.453125,0.0,790.0,0.8082706750927876,0.8697610271842713,0.7091999999999999,0.2338691686154761,"{""stages"": {""sample"": 0.04286567600138369, ""cells"": 0.1586299289992894, ""masses"": 0.040223821000836324, ""graph"": 0.13992820999919786, ""scaling"": 0.3822692489993642, ""voltages"": 0.02883464700062177, ""landmarks"": 0.6042740749999211, ""embedding"": 0.00044702000013785437}, ""rho_g"": 0.005473703262878216}",800,ok
lvm_gpu,lvm,gpu,tune,10000,2,"{""cells"": {""n_cells"": 800}, ""landmarks"": {""n_landmarks"": 10}}",16,1.2101552919993992,1.238636547999704,2973.453125,0.0,662.0,0.8128531527735982,0.8521460728257598,0.6929999999999998,0.20488669405589607,"{""stages"": {""sample"": 0.03339946999949461, ""cells"": 0.056729415999143384, ""masses"": 0.03916386200035049, ""graph"": 0.1561753639998642, ""scaling"": 0.305387578000591, ""voltages"": 0.03227628099921276, ""landmarks"": 0.586228669000775, ""embedding"": 0.0004514239990385249}, ""rho_g"": 0.006264335366568854}",800,ok
lvm_gpu,lvm,gpu,tune,20000,0,"{""cells"": {""n_cells"": 100}, ""landmarks"": {""n_landmarks"": 10}}",16,0.4026663170006941,0.46832196000104886,2973.453125,0.0,92.0,0.778669595746815,0.7251665643494833,0.5456000000000001,-0.06168817754926104,"{""stages"": {""sample"": 0.0707825409990619, ""cells"": 0.1131548980010848, ""masses"": 0.09064850699905946, ""graph"": 0.05727770799967402, ""scaling"": 0.050640704999750596, ""voltages"": 0.0068284839999250835, ""landmarks"": 0.012564487000418012, ""embedding"": 0.0003521230009937426}, ""rho_g"": 0.4697588816706492}",100,ok
lvm_gpu,lvm,gpu,tune,20000,1,"{""cells"": {""n_cells"": 100}, ""landmarks"": {""n_landmarks"": 10}}",16,0.2961670080003387,0.3313402000003407,3065.37890625,0.0,92.0,0.7964993519911726,0.7361060648008827,0.6148,-0.011389655329531923,"{""stages"": {""sample"": 0.059751811999376514, ""cells"": 0.07896454500041727, ""masses"": 0.07431826299944078, ""graph"": 0.03739239400056249, ""scaling"": 0.03656319899891969, ""voltages"": 0.002287249000801239, ""landmarks"": 0.006307507999736117, ""embedding"": 0.00023582399990118574}, ""rho_g"": 0.4450794062355996}",100,ok
lvm_gpu,lvm,gpu,tune,20000,2,"{""cells"": {""n_cells"": 100}, ""landmarks"": {""n_landmarks"": 10}}",16,0.3878831429992715,0.4322842439996748,3065.37890625,0.0,92.0,0.8143283699468351,0.7478755020563748,0.6648,-0.025758157284382355,"{""stages"": {""sample"": 0.059625259000313235, ""cells"": 0.16803694600093877, ""masses"": 0.06713797100019292, ""graph"": 0.03992346999984875, ""scaling"": 0.043473660000017844, ""voltages"": 0.0021932509989710525, ""landmarks"": 0.006911979000506108, ""embedding"": 0.00022945599994272925}, ""rho_g"": 0.404969088912777}",100,ok
lvm_gpu,lvm,gpu,tune,20000,0,"{""cells"": {""n_cells"": 150}, ""landmarks"": {""n_landmarks"": 10}}",16,0.5761664290002955,0.6231025830002181,3065.37890625,0.0,92.0,0.8618248931688234,0.7659670618918648,0.744,-0.015984810495898345,"{""stages"": {""sample"": 0.08036856500075373, ""cells"": 0.3417009219992906, ""masses"": 0.0662551950008492, ""graph"": 0.028285427999435342, ""scaling"": 0.04534546099966974, ""voltages"": 0.004668966001190711, ""landmarks"": 0.008821298999464489, ""embedding"": 0.00034189799953310285}, ""rho_g"": 0.1778279410038923}",150,ok
lvm_gpu,lvm,gpu,tune,20000,1,"{""cells"": {""n_cells"": 150}, ""landmarks"": {""n_landmarks"": 10}}",16,0.3438501640011964,0.38018722900051216,3065.37890625,0.0,92.0,0.8403900571772495,0.7551604975423813,0.7123999999999999,-0.06878099358963993,"{""stages"": {""sample"": 0.061756576998959645, ""cells"": 0.09433658800116973, ""masses"": 0.05800614500003576, ""graph"": 0.03640027999972517, ""scaling"": 0.0711766139993415, ""voltages"": 0.00763880600061384, ""landmarks"": 0.013759370000116178, ""embedding"": 0.0003234879986848682}, ""rho_g"": 0.20078643786024095}",150,ok
lvm_gpu,lvm,gpu,tune,20000,2,"{""cells"": {""n_cells"": 150}, ""landmarks"": {""n_landmarks"": 10}}",16,0.5429997609990096,0.6445691770004487,3065.37890625,0.0,92.0,0.8795085324505968,0.7708570849633865,0.768,-0.04730023725014764,"{""stages"": {""sample"": 0.06007809599941538, ""cells"": 0.31333221400018374, ""masses"": 0.06974360899948806, ""graph"": 0.03021100800106069, ""scaling"": 0.0420071039989125, ""voltages"": 0.009858065999651444, ""landmarks"": 0.017206299000463332, ""embedding"": 0.0002583309997135075}, ""rho_g"": 0.1778279410038923}",150,ok
lvm_gpu,lvm,gpu,tune,20000,0,"{""cells"": {""n_cells"": 200}, ""landmarks"": {""n_landmarks"": 10}}",16,0.6038212769999518,0.6865566230007971,3065.37890625,0.0,118.0,0.8697917664760758,0.8029271702277059,0.7322,0.053238646549245656,"{""stages"": {""sample"": 0.08539913999993587, ""cells"": 0.32686819399896194, ""masses"": 0.05466312000135076, ""graph"": 0.02430867099974421, ""scaling"": 0.04298315999949409, ""voltages"": 0.005632475000311388, ""landmarks"": 0.06312584300030721, ""embedding"": 0.0003415399987716228}, ""rho_g"": 0.07498942093324559}",200,ok
lvm_gpu,lvm,gpu,tune,20000,1,"{""cells"": {""n_cells"": 200}, ""landmarks"": {""n_landmarks"": 10}}",16,0.3872207669992349,0.41317996899852005,3065.37890625,0.0,118.0,0.865024295315478,0.7818866325609388,0.7328,-0.01823554432876848,"{""stages"": {""sample"": 0.05957449899869971, ""cells"": 0.09354490599980636, ""masses"": 0.0712571330004721, ""graph"": 0.05557047000002058, ""scaling"": 0.06547959800082026, ""voltages"": 0.010170301000471227, ""landmarks"": 0.031024147998323315, ""embedding"": 0.0002693510014069034}, ""rho_g"": 0.10366329284376981}",200,ok
lvm_gpu,lvm,gpu,tune,20000,2,"{""cells"": {""n_cells"": 200}, ""landmarks"": {""n_landmarks"": 10}}",16,0.5316612509996048,0.5651724960007414,3065.37890625,0.0,116.0,0.8612372835790951,0.7920949021968101,0.7872,-0.04607228241223725,"{""stages"": {""sample"": 0.0580932880002365, ""cells"": 0.17734858500080009, ""masses"": 0.0749956130002829, ""graph"": 0.08292653799981053, ""scaling"": 0.10673694599972805, ""voltages"": 0.005328403000021353, ""landmarks"": 0.02560329100015224, ""embedding"": 0.00028875699899799656}, ""rho_g"": 0.10649856353504289}",200,ok
lvm_gpu,lvm,gpu,tune,20000,0,"{""cells"": {""n_cells"": 300}, ""landmarks"": {""n_landmarks"": 10}}",16,1.0527769939999416,1.0947161650001362,3065.37890625,0.0,424.0,0.8533776627545391,0.8044866766977631,0.7293999999999999,0.004388617957123286,"{""stages"": {""sample"": 0.07785780700032774, ""cells"": 0.34968798799854994, ""masses"": 0.07517938999990292, ""graph"": 0.09357732799981022, ""scaling"": 0.15410122200046317, ""voltages"": 0.008306167999762692, ""landmarks"": 0.29334513300091203, ""embedding"": 0.0003602029992180178}, ""rho_g"": 0.03871601282054055}",300,ok
lvm_gpu,lvm,gpu,tune,20000,1,"{""cells"": {""n_cells"": 300}, ""landmarks"": {""n_landmarks"": 10}}",16,0.5326126159998239,0.5683159529999102,3065.37890625,0.0,432.0,0.8512510903801785,0.788167013742602,0.7402,0.04528496597025552,"{""stages"": {""sample"": 0.06346559200028423, ""cells"": 0.10473061999982747, ""masses"": 0.05902153799979715, ""graph"": 0.0966816000000108, ""scaling"": 0.1143147009988752, ""voltages"": 0.008704945001227316, ""landmarks"": 0.08502638000027218, ""embedding"": 0.0003333209988340968}, ""rho_g"": 0.039241897584845364}",300,ok
lvm_gpu,lvm,gpu,tune,20000,2,"{""cells"": {""n_cells"": 300}, ""landmarks"": {""n_landmarks"": 10}}",16,0.5933979370001907,0.6257718600008957,3065.37890625,0.0,416.0,0.8384857217373859,0.8099153335339553,0.7396,0.0005621944447434496,"{""stages"": {""sample"": 0.09339508999983082, ""cells"": 0.10756308900090517, ""masses"": 0.07527292799932184, ""graph"": 0.09070792000056827, ""scaling"": 0.1369568509999226, ""voltages"": 0.009688148998975521, ""landmarks"": 0.07915162000062992, ""embedding"": 0.00035109300006297417}, ""rho_g"": 0.04141784514364404}",300,ok
lvm_gpu,lvm,gpu,tune,20000,0,"{""cells"": {""n_cells"": 400}, ""landmarks"": {""n_landmarks"": 10}}",16,0.6568313969983137,0.6965929039997718,3065.37890625,0.0,500.0,0.8499886608486307,0.8381457919550607,0.7434000000000001,0.09320526608312345,"{""stages"": {""sample"": 0.061516596000728896, ""cells"": 0.12722294500053977, ""masses"": 0.07572829200034903, ""graph"": 0.10330912799872749, ""scaling"": 0.11895964600080333, ""voltages"": 0.01676328299981833, ""landmarks"": 0.15240651999920374, ""embedding"": 0.00042681700142566115}, ""rho_g"": 0.020535250264571463}",400,ok
lvm_gpu,lvm,gpu,tune,20000,1,"{""cells"": {""n_cells"": 400}, ""landmarks"": {""n_landmarks"": 10}}",16,0.7009600399996998,0.7446594520006329,3065.37890625,0.0,500.0,0.8286423994382586,0.8157186357708898,0.6983999999999999,0.061344920419857875,"{""stages"": {""sample"": 0.0957258720009122, ""cells"": 0.11271827100063092, ""masses"": 0.09720890399876225, ""graph"": 0.10007514400058426, ""scaling"": 0.15581351599939808, ""voltages"": 0.01336413100034406, ""landmarks"": 0.12536983400059398, ""embedding"": 0.0003353749998495914}, ""rho_g"": 0.021673921695684172}",400,ok
lvm_gpu,lvm,gpu,tune,20000,2,"{""cells"": {""n_cells"": 400}, ""landmarks"": {""n_landmarks"": 10}}",16,0.6259627440012991,0.6640248019994033,3065.37890625,0.0,500.0,0.849090448390009,0.8281983589126292,0.7289999999999999,0.046311376799156305,"{""stages"": {""sample"": 0.060296374998870306, ""cells"": 0.11594383100054984, ""masses"": 0.05914354199921945, ""graph"": 0.09829699900001287, ""scaling"": 0.15006529899983434, ""voltages"": 0.013471079000737518, ""landmarks"": 0.12809927399939625, ""embedding"": 0.00033252300090680365}, ""rho_g"": 0.021096905134061716}",400,ok
lvm_gpu,lvm,gpu,tune,20000,0,"{""cells"": {""n_cells"": 600}, ""landmarks"": {""n_landmarks"": 10}}",16,0.9563846010005363,0.9944836630002101,3065.37890625,0.0,632.0,0.815212972213863,0.8380614384592235,0.6842,0.1323569199406289,"{""stages"": {""sample"": 0.06883565399948566, ""cells"": 0.1199318819999462, ""masses"": 0.08944223600155965, ""graph"": 0.09238830499998585, ""scaling"": 0.26770979599859857, ""voltages"": 0.029650239001057344, ""landmarks"": 0.2876413889989635, ""embedding"": 0.00039928800106281415}, ""rho_g"": 0.00991045856248861}",600,ok
lvm_gpu,lvm,gpu,tune,20000,1,"{""cells"": {""n_cells"": 600}, ""landmarks"": {""n_landmarks"": 10}}",16,0.9341180410010566,0.9754929669998091,3065.4296875,0.0,630.0,0.8205348861470558,0.837486905406761,0.6904,0.12079936944969917,"{""stages"": {""sample"": 0.08428119699965464, ""cells"": 0.12618364199988719, ""masses"": 0.07396608899944113, ""graph"": 0.09096008900087327, ""scaling"": 0.2617606389994762, ""voltages"": 0.017552336999870022, ""landmarks"": 0.2784874380013207, ""embedding"": 0.00045697999848925974}, ""rho_g"": 0.010181517217181822}",600,ok
lvm_gpu,lvm,gpu,tune,20000,2,"{""cells"": {""n_cells"": 600}, ""landmarks"": {""n_landmarks"": 10}}",16,0.9609112609996373,1.0001375510000798,3065.44921875,0.0,630.0,0.8253891182666265,0.8416428087069916,0.7495999999999999,0.13356210841762162,"{""stages"": {""sample"": 0.08290791000035824, ""cells"": 0.138796616000036, ""masses"": 0.08113348500046413, ""graph"": 0.14916378399902896, ""scaling"": 0.22186654700090003, ""voltages"": 0.015698528999564587, ""landmarks"": 0.2705037979994813, ""embedding"": 0.0003955350002797786}, ""rho_g"": 0.010181517217181822}",600,ok
lvm_gpu,lvm,gpu,tune,20000,0,"{""cells"": {""n_cells"": 800}, ""landmarks"": {""n_landmarks"": 10}}",16,1.3214902029994846,1.3725234220000857,3065.65234375,0.0,790.0,0.8110895696659645,0.8488982405456916,0.7346,0.21972254819009154,"{""stages"": {""sample"": 0.08125855499929457, ""cells"": 0.12295325600098295, ""masses"": 0.07288535299994692, ""graph"": 0.12863492099859286, ""scaling"": 0.3677349650006363, ""voltages"": 0.02704555899981642, ""landmarks"": 0.5200462259999767, ""embedding"": 0.0005124700001033489}, ""rho_g"": 0.005473703262878216}",800,ok
lvm_gpu,lvm,gpu,tune,20000,1,"{""cells"": {""n_cells"": 800}, ""landmarks"": {""n_landmarks"": 10}}",16,1.5039577589996043,1.5608603410000796,3065.65234375,0.0,790.0,0.8114011636071823,0.8472526472063396,0.7182000000000001,0.13947904139166975,"{""stages"": {""sample"": 0.06106340599944815, ""cells"": 0.26767080100034946, ""masses"": 0.07867701100076374, ""graph"": 0.1389821889988525, ""scaling"": 0.3495161340015329, ""voltages"": 0.03205228399929183, ""landmarks"": 0.5752471590003552, ""embedding"": 0.00041249800051446073}, ""rho_g"": 0.005327978945865643}",800,ok
lvm_gpu,lvm,gpu,tune,20000,2,"{""cells"": {""n_cells"": 800}, ""landmarks"": {""n_landmarks"": 10}}",16,1.0799099529995146,1.1380813120013045,3065.65234375,0.0,1040.0,0.8041680449393118,0.8592387280569767,0.6744,0.16549459283240686,"{""stages"": {""sample"": 0.06386183599897777, ""cells"": 0.12676248700154247, ""masses"": 0.06050967800001672, ""graph"": 0.11422411700004886, ""scaling"": 0.1915772839984129, ""voltages"": 0.02546417900157394, ""landmarks"": 0.49674345799940056, ""embedding"": 0.00041282100028183777}, ""rho_g"": 0.005623413251903492}",800,ok
