method,family,device,split,n,seed,params,threads,fit_s,total_s,peak_rss_mb,extra_rss_mb,gpu_peak_mb,trustworthiness,continuity,knn_accuracy,distance_correlation,info,status
lvm_gpu,lvm,gpu,tune,20000,0,"{""cells"": {""n_cells"": 150}, ""landmarks"": {""n_landmarks"": 10}}",16,0.4789262250014872,0.5306758529986837,2546.3515625,265.05859375,92.0,0.8618248931688234,0.7659670618918648,0.744,-0.015984810495898345,"{""stages"": {""sample"": 0.17977834999874176, ""cells"": 0.10474882800008345, ""masses"": 0.0574762690011994, ""graph"": 0.06914926399986143, ""scaling"": 0.04039940199982084, ""voltages"": 0.008618537000074866, ""landmarks"": 0.017972364999877755, ""embedding"": 0.0003120620003755903}, ""rho_g"": 0.1778279410038923}",ok
lvm_gpu,lvm,gpu,tune,20000,1,"{""cells"": {""n_cells"": 150}, ""landmarks"": {""n_landmarks"": 10}}",16,0.37740060900068784,0.4148385860007693,2957.68359375,0.0,92.0,0.8403900571772495,0.7551604975423813,0.7123999999999999,-0.06878099358963993,"{""stages"": {""sample"": 0.05933167699913611, ""cells"": 0.1065573489995586, ""masses"": 0.06188751800073078, ""graph"": 0.028525730000183103, ""scaling"": 0.09666395699969144, ""voltages"": 0.01285669000026246, ""landmarks"": 0.01094648700018297, ""embedding"": 0.0002829889999702573}, ""rho_g"": 0.20078643786024095}",ok
lvm_gpu,lvm,gpu,tune,20000,2,"{""cells"": {""n_cells"": 150}, ""landmarks"": {""n_landmarks"": 10}}",16,0.36268809500143107,0.4256001039993862,2968.734375,0.0,92.0,0.8795085324505968,0.7708570849633865,0.768,-0.04730023725014764,"{""stages"": {""sample"": 0.09121850800147513, ""cells"": 0.10322579599960591, ""masses"": 0.05829023299884284, ""graph"": 0.044906499000717304, ""scaling"": 0.044317120000414434, ""voltages"": 0.005576408999331761, ""landmarks"": 0.01402169700122613, ""embedding"": 0.0006832939998275833}, ""rho_g"": 0.1778279410038923}",ok
lvm_gpu,lvm,gpu,tune,20000,0,"{""cells"": {""n_cells"": 150}, ""landmarks"": {""n_landmarks"": 20}}",16,0.5778962519998458,0.6291895349986589,2968.734375,0.0,94.0,0.8054531888855452,0.7424548540475473,0.6125999999999999,-0.06957909840595623,"{""stages"": {""sample"": 0.0597494910016394, ""cells"": 0.32165352999982133, ""masses"": 0.055753515000105835, ""graph"": 0.04470209299870476, ""scaling"": 0.06648684100036917, ""voltages"": 0.0064307880002161255, ""landmarks"": 0.02219338900067669, ""embedding"": 0.0005133569993631681}, ""rho_g"": 0.33982083289425596}",ok
lvm_gpu,lvm,gpu,tune,20000,1,"{""cells"": {""n_cells"": 150}, ""landmarks"": {""n_landmarks"": 20}}",16,0.6649784789988189,0.7470167369992851,2968.79296875,0.0,94.0,0.8021800421306049,0.7430478483298224,0.5873999999999999,-0.06814334935848977,"{""stages"": {""sample"": 0.07668588900014583, ""cells"": 0.3263575380005932, ""masses"": 0.07326398999975936, ""graph"": 0.05416443300055107, ""scaling"": 0.08411343999978271, ""voltages"": 0.012588044999574777, ""landmarks"": 0.037138481999136275, ""embedding"": 0.00037552000139839947}, ""rho_g"": 0.35866376244847686}",ok
lvm_gpu,lvm,gpu,tune,20000,2,"{""cells"": {""n_cells"": 150}, ""landmarks"": {""n_landmarks"": 20}}",16,0.3568123170007311,0.3995189500001288,2968.79296875,0.0,94.0,0.810234916240345,0.7476575744808908,0.6424,-0.09869862267707392,"{""stages"": {""sample"": 0.05612067400033993, ""cells"": 0.095231650999267, ""masses"": 0.06977364200065495, ""graph"": 0.0459281129988085, ""scaling"": 0.05892007900001772, ""voltages"": 0.007255804001033539, ""landmarks"": 0.02272366099896317, ""embedding"": 0.0004045080004289048}, ""rho_g"": 0.32196784442513793}",ok
lvm_gpu,lvm,gpu,tune,20000,0,"{""cells"": {""n_cells"": 150}, ""landmarks"": {""n_landmarks"": 40}}",16,0.5513367809999181,0.6751300389987591,2968.79296875,0.0,92.0,0.8080001043234025,0.7585051941017154,0.6072,-0.17764343521228654,"{""stages"": {""sample"": 0.0855074520004564, ""cells"": 0.2492185259998223, ""masses"": 0.05794911600060004, ""graph"": 0.05032742699950177, ""scaling"": 0.037749364999399404, ""voltages"": 0.004261226000380702, ""landmarks"": 0.059254748000967083, ""embedding"": 0.006388670999513124}, ""rho_g"": 5.62341325190349}",ok
lvm_gpu,lvm,gpu,tune,20000,1,"{""cells"": {""n_cells"": 150}, ""landmarks"": {""n_landmarks"": 40}}",16,0.37668080299954454,0.4162602460000926,2968.79296875,0.0,92.0,0.8003349142341258,0.7544779576687732,0.6012000000000001,-0.0993844103938602,"{""stages"": {""sample"": 0.05714767599965853, ""cells"": 0.09883878700020432, ""masses"": 0.07039692500075034, ""graph"": 0.039702714999293676, ""scaling"": 0.04260398800033727, ""voltages"": 0.008704277999640908, ""landmarks"": 0.057361036000656895, ""embedding"": 0.0015904589999991003}, ""rho_g"": 5.62341325190349}",ok
lvm_gpu,lvm,gpu,tune,20000,2,"{""cells"": {""n_cells"": 150}, ""landmarks"": {""n_landmarks"": 40}}",16,0.4807408730011957,0.5956013159993745,2968.79296875,0.0,92.0,0.7631815026582405,0.760748367940616,0.5814,-0.22630070932551927,"{""stages"": {""sample"": 0.06930463000026066, ""cells"": 0.17099274499923922, ""masses"": 0.07095230800041463, ""graph"": 0.05716396900061227, ""scaling"": 0.056226019998575794, ""voltages"": 0.006229306000022916, ""landmarks"": 0.04790817300090566, ""embedding"": 0.001579342999320943}, ""rho_g"": 5.0480657166674705}",ok
lvm_gpu,lvm,gpu,tune,20000,0,"{""cells"": {""n_cells"": 200}, ""landmarks"": {""n_landmarks"": 10}}",16,0.6309125400002813,0.6784601520012075,2968.79296875,0.0,118.0,0.8697917664760758,0.8029271702277059,0.7322,0.053238646549245656,"{""stages"": {""sample"": 0.056508972998926765, ""cells"": 0.2057965090007201, ""masses"": 0.06376395699953719, ""graph"": 0.038935237000259804, ""scaling"": 0.05420150200006901, ""voltages"": 0.007303676999072195, ""landmarks"": 0.20377849700162187, ""embedding"": 0.0003019169998879079}, ""rho_g"": 0.07498942093324559}",ok
lvm_gpu,lvm,gpu,tune,20000,1,"{""cells"": {""n_cells"": 200}, ""landmarks"": {""n_landmarks"": 10}}",16,0.3993522069995379,0.4433970610007236,2969.8828125,0.0,118.0,0.865024295315478,0.7818866325609388,0.7328,-0.01823554432876848,"{""stages"": {""sample"": 0.06776440499925229, ""cells"": 0.09441988999969908, ""masses"": 0.07346767600029125, ""graph"": 0.054028167000069516, ""scaling"": 0.07176658600110386, ""voltages"": 0.006807099998695776, ""landmarks"": 0.030337913000039407, ""embedding"": 0.0003078900008404162}, ""rho_g"": 0.10366329284376981}",ok
lvm_gpu,lvm,gpu,tune,20000,2,"{""cells"": {""n_cells"": 200}, ""landmarks"": {""n_landmarks"": 10}}",16,0.8097403520005173,0.8511158340006659,2971.0546875,0.0,116.0,0.8612372835790951,0.7920949021968101,0.7872,-0.04607228241223725,"{""stages"": {""sample"": 0.07210637899879657, ""cells"": 0.2928238580007019, ""masses"": 0.09184757799994259, ""graph"": 0.06443526600014593, ""scaling"": 0.12717095900006825, ""voltages"": 0.008883369000614039, ""landmarks"": 0.1517893489999551, ""embedding"": 0.00034913699892058503}, ""rho_g"": 0.10649856353504289}",ok
lvm_gpu,lvm,gpu,tune,20000,0,"{""cells"": {""n_cells"": 200}, ""landmarks"": {""n_landmarks"": 20}}",16,0.38481248800053436,0.42272715299986885,2971.19140625,0.0,112.0,0.8597405717724947,0.7840419620824556,0.7276,-0.040969219299072435,"{""stages"": {""sample"": 0.05865261200051464, ""cells"": 0.09340352399885887, ""masses"": 0.06416714000079082, ""graph"": 0.044666707999567734, ""scaling"": 0.08196029300052032, ""voltages"": 0.006576248999408563, ""landmarks"": 0.03469136000057915, ""embedding"": 0.0003771109986701049}, ""rho_g"": 0.1684854879435839}",ok
lvm_gpu,lvm,gpu,tune,20000,1,"{""cells"": {""n_cells"": 200}, ""landmarks"": {""n_landmarks"": 20}}",16,0.4918824870001117,0.5231614200001786,2971.19140625,0.0,116.0,0.8272346554318387,0.7495357207342762,0.6546000000000001,-0.04195799367337493,"{""stages"": {""sample"": 0.05753296799957752, ""cells"": 0.22212413099987316, ""masses"": 0.05856949900044128, ""graph"": 0.03013139900031092, ""scaling"": 0.0789950759990461, ""voltages"": 0.006055735999325407, ""landmarks"": 0.0378350760001922, ""embedding"": 0.000343092000548495}, ""rho_g"": 0.19809567785503387}",ok
lvm_gpu,lvm,gpu,tune,20000,2,"{""cells"": {""n_cells"": 200}, ""landmarks"": {""n_landmarks"": 20}}",16,0.7404252489995997,0.7768379989993264,2971.19140625,0.0,112.0,0.8392176386799077,0.7698740375163005,0.6744,-0.11874221210214954,"{""stages"": {""sample"": 0.058143775999269565, ""cells"": 0.27569675800077675, ""masses"": 0.061930285999551415, ""graph"": 0.048384097000962356, ""scaling"": 0.06594158199914091, ""voltages"": 0.005709200000637793, ""landmarks"": 0.22391082200010715, ""embedding"": 0.00040392600021732505}, ""rho_g"": 0.19809567785503387}",ok
lvm_gpu,lvm,gpu,tune,20000,0,"{""cells"": {""n_cells"": 200}, ""landmarks"": {""n_landmarks"": 40}}",16,0.3596148559990979,0.42198508300134563,2971.19140625,0.0,92.0,0.7973556786036714,0.7488917283579095,0.5926,-0.1172324451080397,"{""stages"": {""sample"": 0.056065261000185274, ""cells"": 0.09003914300046745, ""masses"": 0.06659777999993821, ""graph"": 0.04692088699994201, ""scaling"": 0.027873229000761057, ""voltages"": 0.009634569998524967, ""landmarks"": 0.05567348900149227, ""embedding"": 0.006166877999930875}, ""rho_g"": 1.0}",ok
lvm_gpu,lvm,gpu,tune,20000,1,"{""cells"": {""n_cells"": 200}, ""landmarks"": {""n_landmarks"": 40}}",16,0.6702726229996188,0.7879124180017243,2971.19140625,0.0,92.0,0.7748308115156987,0.7483380238740094,0.5963999999999999,-0.13582866138258612,"{""stages"": {""sample"": 0.05755410799974925, ""cells"": 0.31745389299976523, ""masses"": 0.08646335400044336, ""graph"": 0.08041622400014603, ""scaling"": 0.02405588900001021, ""voltages"": 0.010528396998779499, ""landmarks"": 0.07997509900087607, ""embedding"": 0.013358755999433924}, ""rho_g"": 1.0}",ok
lvm_gpu,lvm,gpu,tune,20000,2,"{""cells"": {""n_cells"": 200}, ""landmarks"": {""n_landmarks"": 40}}",16,0.36826260599991656,0.4319045649990585,2971.19140625,0.0,92.0,0.807889064098706,0.7541016671682215,0.6162000000000001,-0.2164346619102398,"{""stages"": {""sample"": 0.06902342299872544, ""cells"": 0.08382045600046695, ""masses"": 0.07133312999940244, ""graph"": 0.05602781000015966, ""scaling"": 0.01983828800075571, ""voltages"": 0.006441493000238552, ""landmarks"": 0.05651514800047153, ""embedding"": 0.004826339998544427}, ""rho_g"": 1.0}",ok
lvm_gpu,lvm,gpu,tune,20000,0,"{""cells"": {""n_cells"": 300}, ""landmarks"": {""n_landmarks"": 10}}",16,0.6770530960002361,0.7180161140004202,2971.19140625,0.0,424.0,0.8533776627545391,0.8044866766977631,0.7293999999999999,0.004388617957123286,"{""stages"": {""sample"": 0.05747230599990871, ""cells"": 0.19758868600001733, ""masses"": 0.06388636200063047, ""graph"": 0.08157451399893034, ""scaling"": 0.13958582200029923, ""voltages"": 0.022630629000559566, ""landmarks"": 0.11357705800037365, ""embedding"": 0.0004156340000918135}, ""rho_g"": 0.03871601282054055}",ok
lvm_gpu,lvm,gpu,tune,20000,1,"{""cells"": {""n_cells"": 300}, ""landmarks"": {""n_landmarks"": 10}}",16,0.514859366001474,0.5651166469997406,3002.609375,0.0,432.0,0.8512510903801785,0.788167013742602,0.7402,0.04528496597025552,"{""stages"": {""sample"": 0.07153220599866472, ""cells"": 0.09871095200105628, ""masses"": 0.05914312200002314, ""graph"": 0.08498879499893519, ""scaling"": 0.10983646000022418, ""voltages"": 0.0072682930003793444, ""landmarks"": 0.0827197079997859, ""embedding"": 0.0003569270011212211}, ""rho_g"": 0.039241897584845364}",ok
lvm_gpu,lvm,gpu,tune,20000,2,"{""cells"": {""n_cells"": 300}, ""landmarks"": {""n_landmarks"": 10}}",16,0.5212255320002441,0.5627493770007277,3004.26953125,0.0,416.0,0.8384857217373859,0.8099153335339553,0.7396,0.0005621944447434496,"{""stages"": {""sample"": 0.056970270999954664, ""cells"": 0.1060401520007872, ""masses"": 0.056962288999784505, ""graph"": 0.06286416799957806, ""scaling"": 0.15030001500053913, ""voltages"": 0.006418812999982038, ""landmarks"": 0.0810271609989286, ""embedding"": 0.00033034900116035715}, ""rho_g"": 0.04141784514364404}",ok
lvm_gpu,lvm,gpu,tune,20000,0,"{""cells"": {""n_cells"": 300}, ""landmarks"": {""n_landmarks"": 20}}",16,0.5309133560003829,0.585502826001175,3004.44140625,0.0,352.0,0.8534820824556124,0.7785230976025679,0.7448,-0.1007421653664906,"{""stages"": {""sample"": 0.05509232700023858, ""cells"": 0.10956934499881754, ""masses"": 0.06780664100006106, ""graph"": 0.06995638400076132, ""scaling"": 0.10608198199952312, ""voltages"": 0.006023629999617697, ""landmarks"": 0.11564025200095784, ""embedding"": 0.000400230999730411}, ""rho_g"": 0.08353625469578263}",ok
lvm_gpu,lvm,gpu,tune,20000,1,"{""cells"": {""n_cells"": 300}, ""landmarks"": {""n_landmarks"": 20}}",16,0.4888026130010985,0.531573764001223,3004.44140625,0.0,344.0,0.8452140836593439,0.7697902497743003,0.7152,-0.09199499276131232,"{""stages"": {""sample"": 0.05654378100007307, ""cells"": 0.09485721999953967, ""masses"": 0.06182816399996227, ""graph"": 0.05355514300026698, ""scaling"": 0.10575082700052008, ""voltages"": 0.014880867000101716, ""landmarks"": 0.1005776820002211, ""embedding"": 0.0004211710001982283}, ""rho_g"": 0.0930572040929699}",ok
lvm_gpu,lvm,gpu,tune,20000,2,"{""cells"": {""n_cells"": 300}, ""landmarks"": {""n_landmarks"": 20}}",16,0.4757640679999895,0.5270605459991202,3004.44140625,0.0,328.0,0.8484490721235831,0.7876234486909419,0.7458,-0.12180392742122136,"{""stages"": {""sample"": 0.06515298100021027, ""cells"": 0.09932236700115027, ""masses"": 0.0532885909997276, ""graph"": 0.059304565998900216, ""scaling"": 0.08353810200060252, ""voltages"": 0.013571739000326488, ""landmarks"": 0.10085343299942906, ""embedding"": 0.0004083069998159772}, ""rho_g"": 0.0930572040929699}",ok
lvm_gpu,lvm,gpu,tune,20000,0,"{""cells"": {""n_cells"": 300}, ""landmarks"": {""n_landmarks"": 40}}",16,0.6066986989990255,0.6419253870008106,3004.515625,0.0,272.0,0.8076897181261912,0.7370247527334737,0.6294000000000001,-0.1593953880568321,"{""stages"": {""sample"": 0.055912738000188256, ""cells"": 0.10807846900024742, ""masses"": 0.07694306799930928, ""graph"": 0.08607665400086262, ""scaling"": 0.1096395759996085, ""voltages"": 0.007353469000008772, ""landmarks"": 0.14423618699947838, ""embedding"": 0.01793703700059268}, ""rho_g"": 0.15963385442879424}",ok
lvm_gpu,lvm,gpu,tune,20000,1,"{""cells"": {""n_cells"": 300}, ""landmarks"": {""n_landmarks"": 40}}",16,0.5531059770000866,0.61082296800123,3004.515625,0.0,272.0,0.7888066887350788,0.7456383027384893,0.6194,-0.10405449383108642,"{""stages"": {""sample"": 0.059443776999614784, ""cells"": 0.1089366180003708, ""masses"": 0.057542126000043936, ""graph"": 0.03980025300006673, ""scaling"": 0.12123149699982605, ""voltages"": 0.006056553998860181, ""landmarks"": 0.14777400300044974, ""embedding"": 0.011943722000069101}, ""rho_g"": 0.15963385442879424}",ok
lvm_gpu,lvm,gpu,tune,20000,2,"{""cells"": {""n_cells"": 300}, ""landmarks"": {""n_landmarks"": 40}}",16,0.5100922069996159,0.5935345390007569,3004.515625,0.0,256.0,0.7994359995987561,0.7430905366636573,0.6314,-0.19395382516386653,"{""stages"": {""sample"": 0.05443975700109149, ""cells"": 0.10567769999943266, ""masses"": 0.0683335289995739, ""graph"": 0.031848753000303986, ""scaling"": 0.08471243500025594, ""voltages"": 0.008343490999322967, ""landmarks"": 0.138638059999721, ""embedding"": 0.017327822000879678}, ""rho_g"": 0.1778279410038923}",ok
lvm_gpu,lvm,gpu,tune,20000,0,"{""cells"": {""n_cells"": 400}, ""landmarks"": {""n_landmarks"": 10}}",16,0.6099969490005606,0.6538932420007768,3004.515625,0.0,500.0,0.8499886608486307,0.8381457919550607,0.7434000000000001,0.09320526608312345,"{""stages"": {""sample"": 0.05533771800037357, ""cells"": 0.10212781799964432, ""masses"": 0.07821098000022175, ""graph"": 0.11377135799921234, ""scaling"": 0.12306925099983346, ""voltages"": 0.008231626001361292, ""landmarks"": 0.12857284500023525, ""embedding"": 0.0003416579984332202}, ""rho_g"": 0.020535250264571463}",ok
lvm_gpu,lvm,gpu,tune,20000,1,"{""cells"": {""n_cells"": 400}, ""landmarks"": {""n_landmarks"": 10}}",16,0.6690950029988016,0.7164194230008434,3006.6796875,0.0,500.0,0.8286423994382586,0.8157186357708898,0.6983999999999999,0.061344920419857875,"{""stages"": {""sample"": 0.06600716800130613, ""cells"": 0.10689734500010672, ""masses"": 0.08037766699999338, ""graph"": 0.11254032399847347, ""scaling"": 0.1564631900000677, ""voltages"": 0.010866144000829081, ""landmarks"": 0.1351972869997553, ""embedding"": 0.0003386980006325757}, ""rho_g"": 0.021673921695684172}",ok
lvm_gpu,lvm,gpu,tune,20000,2,"{""cells"": {""n_cells"": 400}, ""landmarks"": {""n_landmarks"": 10}}",16,0.5932624560009572,0.6384356629987451,3006.8125,0.0,500.0,0.849090448390009,0.8281983589126292,0.7289999999999999,0.046311376799156305,"{""stages"": {""sample"": 0.05599883700051578, ""cells"": 0.11303514799874392, ""masses"": 0.06234749500072212, ""graph"": 0.08060108400059107, ""scaling"": 0.1450002459987445, ""voltages"": 0.00949058400146896, ""landmarks"": 0.12611743100023887, ""embedding"": 0.00034925299951282796}, ""rho_g"": 0.021096905134061716}",ok
lvm_gpu,lvm,gpu,tune,20000,0,"{""cells"": {""n_cells"": 400}, ""landmarks"": {""n_landmarks"": 20}}",16,0.7132998859997315,0.7600521660006052,3009.171875,0.0,488.0,0.8476972976226301,0.8072885705687631,0.7332,-0.04745672986720584,"{""stages"": {""sample"": 0.05539998700078286, ""cells"": 0.10433647799982282, ""masses"": 0.07275562399991031, ""graph"": 0.09264226500090444, ""scaling"": 0.15747077800006082, ""voltages"": 0.009706468999866047, ""landmarks"": 0.2202178229999845, ""embedding"": 0.0004096669999853475}, ""rho_g"": 0.039241897584845364}",ok
lvm_gpu,lvm,gpu,tune,20000,1,"{""cells"": {""n_cells"": 400}, ""landmarks"": {""n_landmarks"": 20}}",16,0.6879844649993174,0.7250099489992863,3009.2734375,0.0,502.0,0.8172555522118568,0.7919680569766275,0.6888,-0.0972174412882719,"{""stages"": {""sample"": 0.055831229999967036, ""cells"": 0.10405997599991679, ""masses"": 0.060194072999365744, ""graph"": 0.10593920100109244, ""scaling"": 0.11759156100015389, ""voltages"": 0.011305828998956713, ""landmarks"": 0.23226398900078493, ""embedding"": 0.00043114899926877115}, ""rho_g"": 0.04869675251658632}",ok
lvm_gpu,lvm,gpu,tune,20000,2,"{""cells"": {""n_cells"": 400}, ""landmarks"": {""n_landmarks"": 20}}",16,0.651441056999829,0.6925823620003939,3009.2734375,0.0,490.0,0.8307398896579397,0.7950504524024475,0.7064,-0.11709843586080738,"{""stages"": {""sample"": 0.05639064599927224, ""cells"": 0.10849990099995921, ""masses"": 0.0658939270015253, ""graph"": 0.07333212199955597, ""scaling"": 0.13360884199937573, ""voltages"": 0.008047782999710762, ""landmarks"": 0.20490544000131194, ""embedding"": 0.0004304869999032235}, ""rho_g"": 0.04869675251658632}",ok
lvm_gpu,lvm,gpu,tune,20000,0,"{""cells"": {""n_cells"": 400}, ""landmarks"": {""n_landmarks"": 40}}",16,0.833721709999736,0.8735226409989991,3009.3828125,0.0,542.0,0.8281610793459725,0.7596070217674792,0.6799999999999999,-0.15800182185126146,"{""stages"": {""sample"": 0.055135550999693805, ""cells"": 0.11056192999967607, ""masses"": 0.06397292700057733, ""graph"": 0.10389416599900869, ""scaling"": 0.13014803700025368, ""voltages"": 0.008058436000283109, ""landmarks"": 0.3451382229995943, ""embedding"": 0.016262047000054736}, ""rho_g"": 0.0930572040929699}",ok
lvm_gpu,lvm,gpu,tune,20000,1,"{""cells"": {""n_cells"": 400}, ""landmarks"": {""n_landmarks"": 40}}",16,0.8732572770004481,0.9162689129989303,3009.3828125,0.0,550.0,0.7896658080048149,0.7578091082355302,0.6396,-0.2032860202514094,"{""stages"": {""sample"": 0.08252287200048158, ""cells"": 0.11112013299862156, ""masses"": 0.07200335400011681, ""graph"": 0.09955300000001444, ""scaling"": 0.13681557600102678, ""voltages"": 0.010100208999574534, ""landmarks"": 0.34655173099963577, ""embedding"": 0.014039776000572601}, ""rho_g"": 0.0930572040929699}",ok
lvm_gpu,lvm,gpu,tune,20000,2,"{""cells"": {""n_cells"": 400}, ""landmarks"": {""n_landmarks"": 40}}",16,0.8306823820003046,0.8892272929988394,3009.3828125,0.0,558.0,0.7893893750626944,0.7574492968201424,0.641,-0.15225779731265746,"{""stages"": {""sample"": 0.060640185000011115, ""cells"": 0.1059637840007781, ""masses"": 0.08876206899913086, ""graph"": 0.06562579800083768, ""scaling"": 0.11737352099953569, ""voltages"": 0.0081607760002953, ""landmarks"": 0.3691208029995323, ""embedding"": 0.014564084000085131}, ""rho_g"": 0.0930572040929699}",ok
lvm_gpu,lvm,gpu,tune,20000,0,"{""cells"": {""n_cells"": 600}, ""landmarks"": {""n_landmarks"": 10}}",16,0.827610624000954,0.8743141729992203,3009.48046875,0.0,634.0,0.815212972213863,0.8380614384592235,0.6842,0.1323569199406289,"{""stages"": {""sample"": 0.05672085100013646, ""cells"": 0.10730662099922483, ""masses"": 0.07422778500040295, ""graph"": 0.02980562000084319, ""scaling"": 0.2533982860004471, ""voltages"": 0.020535906998702558, ""landmarks"": 0.2848847650002426, ""embedding"": 0.00038133499947434757}, ""rho_g"": 0.00991045856248861}",ok
lvm_gpu,lvm,gpu,tune,20000,1,"{""cells"": {""n_cells"": 600}, ""landmarks"": {""n_landmarks"": 10}}",16,0.856217081000068,0.9022879639996972,3014.22265625,0.0,630.0,0.8205348861470558,0.837486905406761,0.6904,0.12079936944969917,"{""stages"": {""sample"": 0.06020279400036088, ""cells"": 0.11875240500012296, ""masses"": 0.06618002299910586, ""graph"": 0.09198096200088912, ""scaling"": 0.22017498499917565, ""voltages"": 0.016233075000855024, ""landmarks"": 0.28188856199994916, ""embedding"": 0.0004800970000360394}, ""rho_g"": 0.010181517217181822}",ok
lvm_gpu,lvm,gpu,tune,20000,2,"{""cells"": {""n_cells"": 600}, ""landmarks"": {""n_landmarks"": 10}}",16,0.908239334999962,0.9597083450007631,3014.44921875,0.0,630.0,0.8253891182666265,0.8416428087069916,0.7495999999999999,0.13356210841762162,"{""stages"": {""sample"": 0.06282401700082119, ""cells"": 0.13004002200068498, ""masses"": 0.056643179999809945, ""graph"": 0.10295841900006053, ""scaling"": 0.26769406799940043, ""voltages"": 0.020353644000351778, ""landmarks"": 0.2669873609993374, ""embedding"": 0.0003761610005312832}, ""rho_g"": 0.010181517217181822}",ok
lvm_gpu,lvm,gpu,tune,20000,0,"{""cells"": {""n_cells"": 600}, ""landmarks"": {""n_landmarks"": 20}}",16,0.936331902999882,0.9755265940002573,3014.49609375,0.0,746.0,0.7867895676597452,0.796526066807102,0.6568,-0.07184030336585631,"{""stages"": {""sample"": 0.05991235299916298, ""cells"": 0.10921634400074254, ""masses"": 0.07001156700061983, ""graph"": 0.10916360400005942, ""scaling"": 0.16735397499905957, ""voltages"": 0.021451026999784517, ""landmarks"": 0.3979387350009347, ""embedding"": 0.000609812999755377}, ""rho_g"": 0.020535250264571463}",ok
lvm_gpu,lvm,gpu,tune,20000,1,"{""cells"": {""n_cells"": 600}, ""landmarks"": {""n_landmarks"": 20}}",16,1.0043434609997348,1.0460417060003238,3014.52734375,0.0,624.0,0.8142120132410472,0.8098289698063998,0.6834,-0.09843052040331504,"{""stages"": {""sample"": 0.08102242600034515, ""cells"": 0.11569410700030858, ""masses"": 0.07146317600017937, ""graph"": 0.13867298799959826, ""scaling"": 0.18589681699995708, ""voltages"": 0.015158570999119547, ""landmarks"": 0.3956702949999453, ""embedding"": 0.00045939700066810474}, ""rho_g"": 0.020535250264571463}",ok
lvm_gpu,lvm,gpu,tune,20000,2,"{""cells"": {""n_cells"": 600}, ""landmarks"": {""n_landmarks"": 20}}",16,1.0003072359995713,1.0486276860010548,3014.52734375,0.0,626.0,0.7975454589226603,0.8062694793860969,0.669,-0.06063302476795589,"{""stages"": {""sample"": 0.06682570399971155, ""cells"": 0.1201059510003688, ""masses"": 0.05965229899993574, ""graph"": 0.15064439199886692, ""scaling"": 0.19154937200073618, ""voltages"": 0.01699923799969838, ""landmarks"": 0.39350522399945476, ""embedding"": 0.0006773880013497546}, ""rho_g"": 0.020535250264571463}",ok
lvm_gpu,lvm,gpu,tune,20000,0,"{""cells"": {""n_cells"": 600}, ""landmarks"": {""n_landmarks"": 40}}",16,1.1217052160009189,1.1943925059986213,3014.52734375,0.0,624.0,0.7889836533253084,0.7629552251981141,0.6397999999999999,-0.1776357091056441,"{""stages"": {""sample"": 0.05520027999955346, ""cells"": 0.10915210200073489, ""masses"": 0.08630766200076323, ""graph"": 0.11224704300002486, ""scaling"": 0.2027022769998439, ""voltages"": 0.017582030999619747, ""landmarks"": 0.522878674999447, ""embedding"": 0.015172063000136404}, ""rho_g"": 0.04869675251658632}",ok
lvm_gpu,lvm,gpu,tune,20000,1,"{""cells"": {""n_cells"": 600}, ""landmarks"": {""n_landmarks"": 40}}",16,1.0158828439998615,1.072773978999976,3014.52734375,0.0,490.0,0.795428548500351,0.7715883839903701,0.668,-0.21249219672983596,"{""stages"": {""sample"": 0.054685559998688404, ""cells"": 0.11405203800131858, ""masses"": 0.06748832599987509, ""graph"": 0.08536415100024897, ""scaling"": 0.17375901800005522, ""voltages"": 0.022327497999867774, ""landmarks"": 0.48807084699910774, ""embedding"": 0.009735726000144496}, ""rho_g"": 0.04869675251658632}",ok
lvm_gpu,lvm,gpu,tune,20000,2,"{""cells"": {""n_cells"": 600}, ""landmarks"": {""n_landmarks"": 40}}",16,1.0876517529995908,1.1474725200005196,3014.52734375,0.0,624.0,0.7861143384491924,0.7761602166716822,0.6436,-0.20535372884548528,"{""stages"": {""sample"": 0.05818951600122091, ""cells"": 0.11838389500007906, ""masses"": 0.06721828399895458, ""graph"": 0.09919880200141051, ""scaling"": 0.1849883039994893, ""voltages"": 0.020474070999625837, ""landmarks"": 0.5032946299998002, ""embedding"": 0.0353888450008526}, ""rho_g"": 0.04869675251658632}",ok
