method,family,device,split,n,seed,params,threads,fit_s,total_s,peak_rss_mb,extra_rss_mb,gpu_peak_mb,trustworthiness,continuity,knn_accuracy,distance_correlation,info,status,guard_peak_mb,memory_limit_mb,overlap
lvm_gpu,lvm,gpu,tune,20000,0,"{""cells"": {""n_cells"": 200}, ""embedding"": {""landmark_mds"": {""missing"": ""chain""}, ""strategy"": ""landmark_mds""}, ""landmarks"": {""count"": {""dimension"": {""multiplier"": 1.0}, ""strategy"": ""dimension""}, ""strategy"": ""mutual_information""}, ""scaling"": {""coverage"": {""overlap"": 4.0}}}",16,1.444315528000061,1.4792487409999922,2611.71875,279.0078125,122.0,0.9288652462634166,0.8817060046143044,0.8114000000000001,0.4884447213566023,"{""stages"": {""sample"": 0.13288582699988183, ""dimension"": 0.9329024070000287, ""cells"": 0.12362476900011643, ""masses"": 0.061516854000046806, ""graph"": 0.05691489899982116, ""scaling"": 0.09787802499999998, ""voltages"": 0.0076242390000516025, ""landmarks"": 0.029795904000138762, ""embedding"": 0.0011604049998368282}, ""rho_g"": 0.050708191876329536}",ok,2963.421875,5000,4.0
lvm_gpu,lvm,gpu,tune,20000,1,"{""cells"": {""n_cells"": 200}, ""embedding"": {""landmark_mds"": {""missing"": ""chain""}, ""strategy"": ""landmark_mds""}, ""landmarks"": {""count"": {""dimension"": {""multiplier"": 1.0}, ""strategy"": ""dimension""}, ""strategy"": ""mutual_information""}, ""scaling"": {""coverage"": {""overlap"": 4.0}}}",16,1.7349062920000051,1.7748765219998859,2614.96875,278.89453125,120.0,0.9078548219480389,0.8566430293911125,0.7894000000000001,0.4491657460563307,"{""stages"": {""sample"": 0.13507394499993097, ""dimension"": 1.2109439070000008, ""cells"": 0.12329273800014562, ""masses"": 0.063483830999985, ""graph"": 0.060607184999980745, ""scaling"": 0.09317442499991557, ""voltages"": 0.012840938999943319, ""landmarks"": 0.03428124700008084, ""embedding"": 0.0011950119999255548}, ""rho_g"": 0.06378043838892178}",ok,3108.94921875,5000,4.0
lvm_gpu,lvm,gpu,tune,20000,2,"{""cells"": {""n_cells"": 200}, ""embedding"": {""landmark_mds"": {""missing"": ""chain""}, ""strategy"": ""landmark_mds""}, ""landmarks"": {""count"": {""dimension"": {""multiplier"": 1.0}, ""strategy"": ""dimension""}, ""strategy"": ""mutual_information""}, ""scaling"": {""coverage"": {""overlap"": 4.0}}}",16,1.5453135210000255,1.5855424219998895,2614.56640625,278.6953125,120.0,0.9103078463236032,0.8416965874210051,0.7978,0.5194385954733914,"{""stages"": {""sample"": 0.22964862100002392, ""dimension"": 0.9694445499999347, ""cells"": 0.10571880600014083, ""masses"": 0.06070038999996541, ""graph"": 0.05234404799989534, ""scaling"": 0.08103638100010357, ""voltages"": 0.006401880999874265, ""landmarks"": 0.03850010900009693, ""embedding"": 0.0015044790000047215}, ""rho_g"": 0.06731703824144983}",ok,3116.3046875,5000,4.0
lvm_gpu,lvm,gpu,tune,20000,0,"{""cells"": {""n_cells"": 200}, ""embedding"": {""landmark_mds"": {""missing"": ""chain""}, ""strategy"": ""landmark_mds""}, ""landmarks"": {""count"": {""dimension"": {""multiplier"": 1.0}, ""strategy"": ""dimension""}, ""strategy"": ""mutual_information""}, ""scaling"": {""coverage"": {""overlap"": 6.0}}}",16,1.3415675530000044,1.3774193289998493,2614.9921875,278.84375,124.0,0.9222775524124787,0.8843995225198114,0.8082,0.542104454458987,"{""stages"": {""sample"": 0.13068626899985247, ""dimension"": 0.855488250999997, ""cells"": 0.13239089700005024, ""masses"": 0.05572285099992769, ""graph"": 0.03074451400016187, ""scaling"": 0.09978144100000463, ""voltages"": 0.005184180000014749, ""landmarks"": 0.030421259999911854, ""embedding"": 0.0011372559999927034}, ""rho_g"": 0.03382960095533678}",ok,3098.77734375,5000,6.0
lvm_gpu,lvm,gpu,tune,20000,1,"{""cells"": {""n_cells"": 200}, ""embedding"": {""landmark_mds"": {""missing"": ""chain""}, ""strategy"": ""landmark_mds""}, ""landmarks"": {""count"": {""dimension"": {""multiplier"": 1.0}, ""strategy"": ""dimension""}, ""strategy"": ""mutual_information""}, ""scaling"": {""coverage"": {""overlap"": 6.0}}}",16,1.902664206000054,1.9418225239999174,2617.09375,278.6015625,122.0,0.9280028849433243,0.890701033202929,0.8138,0.5142094285611533,"{""stages"": {""sample"": 0.1207595210000818, ""dimension"": 1.3253123280001091, ""cells"": 0.13054884399980438, ""masses"": 0.08265619000007973, ""graph"": 0.07565638500000205, ""scaling"": 0.12204188200007593, ""voltages"": 0.004813832999843726, ""landmarks"": 0.03921878700020898, ""embedding"": 0.0016226819998337305}, ""rho_g"": 0.043128626245305834}",ok,3120.734375,5000,6.0
lvm_gpu,lvm,gpu,tune,20000,2,"{""cells"": {""n_cells"": 200}, ""embedding"": {""landmark_mds"": {""missing"": ""chain""}, ""strategy"": ""landmark_mds""}, ""landmarks"": {""count"": {""dimension"": {""multiplier"": 1.0}, ""strategy"": ""dimension""}, ""strategy"": ""mutual_information""}, ""scaling"": {""coverage"": {""overlap"": 6.0}}}",16,1.4603198239999529,1.4964664560000074,2615.06640625,278.8515625,122.0,0.9141379035008527,0.8541262874912228,0.8122,0.5099785150436073,"{""stages"": {""sample"": 0.09058316100004049, ""dimension"": 1.0202409319999788, ""cells"": 0.10632144700002755, ""masses"": 0.060678235000068526, ""graph"": 0.05400035200000275, ""scaling"": 0.07533332399998471, ""voltages"": 0.009101489999920886, ""landmarks"": 0.04274246099998891, ""embedding"": 0.0013014470000598521}, ""rho_g"": 0.0437144481261109}",ok,3000.17578125,5000,6.0
lvm_gpu,lvm,gpu,tune,20000,0,"{""cells"": {""n_cells"": 200}, ""embedding"": {""landmark_mds"": {""missing"": ""chain""}, ""strategy"": ""landmark_mds""}, ""landmarks"": {""count"": {""dimension"": {""multiplier"": 1.0}, ""strategy"": ""dimension""}, ""strategy"": ""mutual_information""}, ""scaling"": {""coverage"": {""overlap"": 8.0}}}",16,1.8519849369999974,1.8969475320000129,2615.05078125,278.67578125,124.0,0.9298581482596048,0.8922283157789146,0.8164000000000001,0.5522937190671681,"{""stages"": {""sample"": 0.23402339399990524, ""dimension"": 1.2474744480000481, ""cells"": 0.1266836649999732, ""masses"": 0.07446212400009244, ""graph"": 0.03892900000005284, ""scaling"": 0.07446111199988081, ""voltages"": 0.006966383999952086, ""landmarks"": 0.04783102200008216, ""embedding"": 0.0011418829999456648}, ""rho_g"": 0.02689598785575043}",ok,3092.87109375,5000,8.0
lvm_gpu,lvm,gpu,tune,20000,1,"{""cells"": {""n_cells"": 200}, ""embedding"": {""landmark_mds"": {""missing"": ""chain""}, ""strategy"": ""landmark_mds""}, ""landmarks"": {""count"": {""dimension"": {""multiplier"": 1.0}, ""strategy"": ""dimension""}, ""strategy"": ""mutual_information""}, ""scaling"": {""coverage"": {""overlap"": 8.0}}}",16,1.466225226000006,1.5006229240000266,2614.796875,278.45703125,122.0,0.9243531307051861,0.8799898726050757,0.8112,0.4949881360945931,"{""stages"": {""sample"": 0.16527758700021877, ""dimension"": 0.98027508999985, ""cells"": 0.09603263300004983, ""masses"": 0.05430408200004422, ""graph"": 0.02875226399987696, ""scaling"": 0.09675719200004096, ""voltages"": 0.008766941999965638, ""landmarks"": 0.03494266999996398, ""embedding"": 0.0011052900001686794}, ""rho_g"": 0.03382960095533678}",ok,3108.89453125,5000,8.0
lvm_gpu,lvm,gpu,tune,20000,2,"{""cells"": {""n_cells"": 200}, ""embedding"": {""landmark_mds"": {""missing"": ""chain""}, ""strategy"": ""landmark_mds""}, ""landmarks"": {""count"": {""dimension"": {""multiplier"": 1.0}, ""strategy"": ""dimension""}, ""strategy"": ""mutual_information""}, ""scaling"": {""coverage"": {""overlap"": 8.0}}}",16,1.441489219999994,1.4784887759999492,2614.94921875,278.296875,122.0,0.9225577811214766,0.8726035510081251,0.8298,0.5180641985572395,"{""stages"": {""sample"": 0.11549696599990966, ""dimension"": 0.9463343029999578, ""cells"": 0.11521403599999758, ""masses"": 0.0735492390001582, ""graph"": 0.048787675999847124, ""scaling"": 0.09704672300017592, ""voltages"": 0.007260201999997662, ""landmarks"": 0.03671386199994231, ""embedding"": 0.0010735309999745368}, ""rho_g"": 0.03337624694292038}",ok,3058.85546875,5000,8.0
lvm_gpu,lvm,gpu,tune,20000,0,"{""cells"": {""n_cells"": 200}, ""embedding"": {""landmark_mds"": {""missing"": ""chain""}, ""strategy"": ""landmark_mds""}, ""landmarks"": {""count"": {""dimension"": {""multiplier"": 1.0}, ""strategy"": ""dimension""}, ""strategy"": ""mutual_information""}, ""scaling"": {""coverage"": {""overlap"": 12.0}}}",16,1.5727570509998259,1.6035682430001543,2614.3984375,278.65234375,222.0,0.9256370628949744,0.9033888052964189,0.8178000000000001,0.48980519052392013,"{""stages"": {""sample"": 0.15842974399993182, ""dimension"": 1.0545533810000052, ""cells"": 0.11832888599997204, ""masses"": 0.05435393500010832, ""graph"": 0.048639072000014494, ""scaling"": 0.09412340199992286, ""voltages"": 0.005260671000087314, ""landmarks"": 0.03793732999997701, ""embedding"": 0.0011190339998847776}, ""rho_g"": 0.014074646633398432}",ok,3080.0546875,5000,12.0
lvm_gpu,lvm,gpu,tune,20000,1,"{""cells"": {""n_cells"": 200}, ""embedding"": {""landmark_mds"": {""missing"": ""chain""}, ""strategy"": ""landmark_mds""}, ""landmarks"": {""count"": {""dimension"": {""multiplier"": 1.0}, ""strategy"": ""dimension""}, ""strategy"": ""mutual_information""}, ""scaling"": {""coverage"": {""overlap"": 12.0}}}",16,1.5501360199998544,1.582314715999928,2614.30078125,278.6484375,124.0,0.9135554860066205,0.8814663777710904,0.8008000000000001,0.4957728113490755,"{""stages"": {""sample"": 0.20529660800002603, ""dimension"": 1.0150042660000054, ""cells"": 0.10540781500003504, ""masses"": 0.05598929899997529, ""graph"": 0.02479781300007744, ""scaling"": 0.08439593200000672, ""voltages"": 0.010257591000026878, ""landmarks"": 0.04777406199991674, ""embedding"": 0.0011998279999261285}, ""rho_g"": 0.014855080171727746}",ok,3068.296875,5000,12.0
lvm_gpu,lvm,gpu,tune,20000,2,"{""cells"": {""n_cells"": 200}, ""embedding"": {""landmark_mds"": {""missing"": ""chain""}, ""strategy"": ""landmark_mds""}, ""landmarks"": {""count"": {""dimension"": {""multiplier"": 1.0}, ""strategy"": ""dimension""}, ""strategy"": ""mutual_information""}, ""scaling"": {""coverage"": {""overlap"": 12.0}}}",16,1.4554678070001046,1.4865062310000212,2614.61328125,278.76171875,124.0,0.9208269395124887,0.8702652101514695,0.8155999999999999,0.5252763200894807,"{""stages"": {""sample"": 0.12658735900004103, ""dimension"": 0.9596341599999505, ""cells"": 0.09103267899990897, ""masses"": 0.09541665799997645, ""graph"": 0.04802345400003105, ""scaling"": 0.07986718100005419, ""voltages"": 0.00985933600009048, ""landmarks"": 0.043896807000010085, ""embedding"": 0.0011340109999764536}, ""rho_g"": 0.016548170999431816}",ok,2970.70703125,5000,12.0
