dataset,method,family,device,split,n,seed,params,threads,fit_s,total_s,peak_rss_mb,extra_rss_mb,gpu_peak_mb,trustworthiness,continuity,knn_accuracy,distance_correlation,info,status,guard_peak_mb,memory_limit_mb,variant
mnist,lvm_gpu,lvm,gpu,tune,20000,0,"{""cells"": {""n_cells"": 300}, ""embedding"": {""landmark_mds"": {""missing"": ""chain""}, ""strategy"": ""landmark_mds""}, ""landmarks"": {""count"": {""dimension"": {""multiplier"": 1.0}, ""strategy"": ""dimension""}, ""strategy"": ""mutual_information""}, ""scaling"": {""reach"": {""k"": null, ""quantile"": 0.1}, ""strategy"": ""reach""}}",16,1.6113120809968677,1.6606128240018734,2912.55859375,371.06640625,542.0,0.965143248069014,0.9001783408566556,0.8814,0.486524423223575,"{""stages"": {""sample"": 0.13729772999795387, ""dimension"": 0.3290590409960714, ""cells"": 0.10518997400504304, ""masses"": 0.07114868699864019, ""graph"": 0.11510046199691715, ""scaling"": 0.8403505650057923, ""voltages"": 0.011813201999757439, ""landmarks"": 1.3537995982915163e-05, ""embedding"": 0.0013196510044508614}, ""rho_g"": 0.0011337358567463417, ""reach"": 14.0, ""rho_rounds"": 5, ""n_landmarks"": 14, ""dimension"": 12.253528143819258}",ok,3345.59765625,5000,tau (chain below 1e-3)
mnist,lvm_gpu,lvm,gpu,tune,20000,1,"{""cells"": {""n_cells"": 300}, ""embedding"": {""landmark_mds"": {""missing"": ""chain""}, ""strategy"": ""landmark_mds""}, ""landmarks"": {""count"": {""dimension"": {""multiplier"": 1.0}, ""strategy"": ""dimension""}, ""strategy"": ""mutual_information""}, ""scaling"": {""reach"": {""k"": null, ""quantile"": 0.1}, ""strategy"": ""reach""}}",16,1.156045865995111,1.2025270329977502,2912.515625,371.17578125,542.0,0.9694978192396428,0.9240312889958873,0.8896,0.5090065347388358,"{""stages"": {""sample"": 0.07396100999903865, ""dimension"": 0.29914708899741527, ""cells"": 0.08501861700642621, ""masses"": 0.05979460299568018, ""graph"": 0.08298569000180578, ""scaling"": 0.5484823709994089, ""voltages"": 0.005604186997516081, ""landmarks"": 1.553699985379353e-05, ""embedding"": 0.0010216640002909116}, ""rho_g"": 0.0017458699193484762, ""reach"": 14.0, ""rho_rounds"": 3, ""n_landmarks"": 14, ""dimension"": 12.274789430314609}",ok,3391.9609375,5000,tau (chain below 1e-3)
mnist,lvm_gpu,lvm,gpu,tune,20000,2,"{""cells"": {""n_cells"": 300}, ""embedding"": {""landmark_mds"": {""missing"": ""chain""}, ""strategy"": ""landmark_mds""}, ""landmarks"": {""count"": {""dimension"": {""multiplier"": 1.0}, ""strategy"": ""dimension""}, ""strategy"": ""mutual_information""}, ""scaling"": {""reach"": {""k"": null, ""quantile"": 0.1}, ""strategy"": ""reach""}}",16,1.0104745300050126,1.0631866440016893,2912.98046875,370.921875,542.0,0.9700885023573077,0.9292556645601364,0.9014,0.5103158312390939,"{""stages"": {""sample"": 0.08156979599880287, ""dimension"": 0.29805732499517035, ""cells"": 0.09021151800698135, ""masses"": 0.05732393599464558, ""graph"": 0.07811098600359401, ""scaling"": 0.3961434660013765, ""voltages"": 0.008010553996427916, ""landmarks"": 1.0618001397233456e-05, ""embedding"": 0.0010219719988526776}, ""rho_g"": 0.0017484597114273551, ""reach"": 14.0, ""rho_rounds"": 2, ""n_landmarks"": 14, ""dimension"": 12.217663659609494}",ok,3254.18359375,5000,tau (chain below 1e-3)
mnist,lvm_gpu,lvm,gpu,tune,20000,0,"{""cells"": {""n_cells"": 300}, ""embedding"": {""distance_floor"": 1e-10, ""landmark_mds"": {""missing"": ""chain""}, ""strategy"": ""landmark_mds""}, ""landmarks"": {""count"": {""dimension"": {""multiplier"": 1.0}, ""strategy"": ""dimension""}, ""strategy"": ""mutual_information""}, ""scaling"": {""reach"": {""k"": null, ""quantile"": 0.1}, ""strategy"": ""reach""}}",16,1.4749300089970347,1.5202431890065782,2912.640625,370.953125,542.0,0.9640426642592035,0.9020626983649312,0.882,0.48999289633706106,"{""stages"": {""sample"": 0.07134818199847359, ""dimension"": 0.2969437490028213, ""cells"": 0.0888713899985305, ""masses"": 0.07446111000172095, ""graph"": 0.09434654699725797, ""scaling"": 0.8418566590044065, ""voltages"": 0.006004431998007931, ""landmarks"": 1.6646998119540513e-05, ""embedding"": 0.0010662909990060143}, ""rho_g"": 0.0011337358567463417, ""reach"": 14.0, ""rho_rounds"": 5, ""n_landmarks"": 14, ""dimension"": 12.253528143819258}",ok,3340.3046875,5000,floor 1e-10
mnist,lvm_gpu,lvm,gpu,tune,20000,1,"{""cells"": {""n_cells"": 300}, ""embedding"": {""distance_floor"": 1e-10, ""landmark_mds"": {""missing"": ""chain""}, ""strategy"": ""landmark_mds""}, ""landmarks"": {""count"": {""dimension"": {""multiplier"": 1.0}, ""strategy"": ""dimension""}, ""strategy"": ""mutual_information""}, ""scaling"": {""reach"": {""k"": null, ""quantile"": 0.1}, ""strategy"": ""reach""}}",16,1.3179467449954245,1.3686282179987757,2912.640625,371.12109375,542.0,0.9681823372454609,0.9271306048751129,0.8866000000000002,0.5318751221643069,"{""stages"": {""sample"": 0.12288054700184148, ""dimension"": 0.30685500300023705, ""cells"": 0.0907536250015255, ""masses"": 0.0747694239980774, ""graph"": 0.12613910700019915, ""scaling"": 0.5864297740045004, ""voltages"": 0.008560212998418137, ""landmarks"": 1.164399873232469e-05, ""embedding"": 0.0015316650024033152}, ""rho_g"": 0.0017458699193484762, ""reach"": 14.0, ""rho_rounds"": 3, ""n_landmarks"": 14, ""dimension"": 12.274789430314609}",ok,3244.125,5000,floor 1e-10
mnist,lvm_gpu,lvm,gpu,tune,20000,2,"{""cells"": {""n_cells"": 300}, ""embedding"": {""distance_floor"": 1e-10, ""landmark_mds"": {""missing"": ""chain""}, ""strategy"": ""landmark_mds""}, ""landmarks"": {""count"": {""dimension"": {""multiplier"": 1.0}, ""strategy"": ""dimension""}, ""strategy"": ""mutual_information""}, ""scaling"": {""reach"": {""k"": null, ""quantile"": 0.1}, ""strategy"": ""reach""}}",16,1.06495688999712,1.1133773990004556,2912.6640625,370.75,542.0,0.9696087912528839,0.9291093429631858,0.9026,0.5199970904837621,"{""stages"": {""sample"": 0.10322912799892947, ""dimension"": 0.30412158599938266, ""cells"": 0.09093750399915734, ""masses"": 0.061801461000868585, ""graph"": 0.09831289499561535, ""scaling"": 0.396642112005793, ""voltages"": 0.008931891999964137, ""landmarks"": 8.406997949350625e-06, ""embedding"": 0.0009584159997757524}, ""rho_g"": 0.0017484597114273551, ""reach"": 14.0, ""rho_rounds"": 2, ""n_landmarks"": 14, ""dimension"": 12.217663659609494}",ok,3360.5,5000,floor 1e-10
mnist,lvm_pca_gpu,lvm_pca,gpu,tune,20000,0,"{""cells"": {""n_cells"": 300}, ""embedding"": {""landmark_mds"": {""missing"": ""chain""}, ""local_scale"": {""pca"": {""fill"": 0.35}, ""strategy"": ""pca""}, ""strategy"": ""landmark_mds""}, ""landmarks"": {""count"": {""dimension"": {""multiplier"": 1.0}, ""strategy"": ""dimension""}, ""strategy"": ""mutual_information""}, ""scaling"": {""reach"": {""k"": null, ""quantile"": 0.1}, ""strategy"": ""reach""}}",16,1.8404759699988062,1.892873012002383,3158.75390625,370.953125,1266.0,0.9599020523623232,0.9013188042933092,0.8924,0.48714534044150026,"{""stages"": {""sample"": 0.12706526599504286, ""dimension"": 0.30939157800457906, ""cells"": 0.10341421399789397, ""masses"": 0.06247787099709967, ""graph"": 0.0804526510037249, ""scaling"": 0.9580664949971833, ""voltages"": 0.006051707001461182, ""landmarks"": 1.1577001714613289e-05, ""embedding"": 0.001125021997722797, ""local_scale"": 0.19241474400041625}, ""rho_g"": 0.0011337358567463417, ""reach"": 14.0, ""rho_rounds"": 5, ""n_landmarks"": 14, ""dimension"": 12.253528143819258}",ok,3668.375,5000,tau (chain below 1e-3)
mnist,lvm_pca_gpu,lvm_pca,gpu,tune,20000,1,"{""cells"": {""n_cells"": 300}, ""embedding"": {""landmark_mds"": {""missing"": ""chain""}, ""local_scale"": {""pca"": {""fill"": 0.35}, ""strategy"": ""pca""}, ""strategy"": ""landmark_mds""}, ""landmarks"": {""count"": {""dimension"": {""multiplier"": 1.0}, ""strategy"": ""dimension""}, ""strategy"": ""mutual_information""}, ""scaling"": {""reach"": {""k"": null, ""quantile"": 0.1}, ""strategy"": ""reach""}}",16,1.3917755040019983,1.4432690320027177,3158.1875,370.95703125,1266.0,0.9638026000601866,0.9246225418798275,0.892,0.5085518906602055,"{""stages"": {""sample"": 0.1129981320045772, ""dimension"": 0.29733624499931466, ""cells"": 0.09425220899720443, ""masses"": 0.06488560199795756, ""graph"": 0.09818646700296085, ""scaling"": 0.5560746080009267, ""voltages"": 0.005879135002032854, ""landmarks"": 1.1451993486844003e-05, ""embedding"": 0.0010354270052630454, ""local_scale"": 0.16110951799782924}, ""rho_g"": 0.0017458699193484762, ""reach"": 14.0, ""rho_rounds"": 3, ""n_landmarks"": 14, ""dimension"": 12.274789430314609}",ok,3709.09375,5000,tau (chain below 1e-3)
mnist,lvm_pca_gpu,lvm_pca,gpu,tune,20000,2,"{""cells"": {""n_cells"": 300}, ""embedding"": {""landmark_mds"": {""missing"": ""chain""}, ""local_scale"": {""pca"": {""fill"": 0.35}, ""strategy"": ""pca""}, ""strategy"": ""landmark_mds""}, ""landmarks"": {""count"": {""dimension"": {""multiplier"": 1.0}, ""strategy"": ""dimension""}, ""strategy"": ""mutual_information""}, ""scaling"": {""reach"": {""k"": null, ""quantile"": 0.1}, ""strategy"": ""reach""}}",16,1.250002800996299,1.300925718001963,3158.67578125,371.03125,1266.0,0.9598972494733674,0.9299777751028188,0.9012,0.5103055065461428,"{""stages"": {""sample"": 0.10521060000610305, ""dimension"": 0.28913816699787276, ""cells"": 0.09738185400055954, ""masses"": 0.07491153099545045, ""graph"": 0.10604582900123205, ""scaling"": 0.40245086399954744, ""voltages"": 0.00614658400445478, ""landmarks"": 1.0832998668774962e-05, ""embedding"": 0.0011749920013244264, ""local_scale"": 0.16752687099506147}, ""rho_g"": 0.0017484597114273551, ""reach"": 14.0, ""rho_rounds"": 2, ""n_landmarks"": 14, ""dimension"": 12.217663659609494}",ok,3640.91015625,5000,tau (chain below 1e-3)
mnist,lvm_pca_gpu,lvm_pca,gpu,tune,20000,0,"{""cells"": {""n_cells"": 300}, ""embedding"": {""distance_floor"": 1e-10, ""landmark_mds"": {""missing"": ""chain""}, ""local_scale"": {""pca"": {""fill"": 0.35}, ""strategy"": ""pca""}, ""strategy"": ""landmark_mds""}, ""landmarks"": {""count"": {""dimension"": {""multiplier"": 1.0}, ""strategy"": ""dimension""}, ""strategy"": ""mutual_information""}, ""scaling"": {""reach"": {""k"": null, ""quantile"": 0.1}, ""strategy"": ""reach""}}",16,1.9036402450001333,1.9562464179980452,3157.6796875,371.07421875,1266.0,0.9581833162804695,0.9021849533554017,0.8894,0.48964327501980437,"{""stages"": {""sample"": 0.17642132000037236, ""dimension"": 0.3095141750018229, ""cells"": 0.10721383499912918, ""masses"": 0.06486688699806109, ""graph"": 0.10954619100084528, ""scaling"": 0.9427124970025034, ""voltages"": 0.007954456996230874, ""landmarks"": 1.1964002624154091e-05, ""embedding"": 0.0010942689987132326, ""local_scale"": 0.18429967200063402}, ""rho_g"": 0.0011337358567463417, ""reach"": 14.0, ""rho_rounds"": 5, ""n_landmarks"": 14, ""dimension"": 12.253528143819258}",ok,3538.359375,5000,floor 1e-10
mnist,lvm_pca_gpu,lvm_pca,gpu,tune,20000,1,"{""cells"": {""n_cells"": 300}, ""embedding"": {""distance_floor"": 1e-10, ""landmark_mds"": {""missing"": ""chain""}, ""local_scale"": {""pca"": {""fill"": 0.35}, ""strategy"": ""pca""}, ""strategy"": ""landmark_mds""}, ""landmarks"": {""count"": {""dimension"": {""multiplier"": 1.0}, ""strategy"": ""dimension""}, ""strategy"": ""mutual_information""}, ""scaling"": {""reach"": {""k"": null, ""quantile"": 0.1}, ""strategy"": ""reach""}}",16,1.4729438470021705,1.5284433560009347,3158.4921875,370.984375,1266.0,0.9575765272344268,0.9279925087772094,0.8872,0.5335200531523581,"{""stages"": {""sample"": 0.17504975899646524, ""dimension"": 0.29786705400329083, ""cells"": 0.09448177200101782, ""masses"": 0.07839372099988395, ""graph"": 0.07747543099685572, ""scaling"": 0.5578382879975834, ""voltages"": 0.009836165001615882, ""landmarks"": 1.4996003301348537e-05, ""embedding"": 0.0011771110002882779, ""local_scale"": 0.18080474799353397}, ""rho_g"": 0.0017458699193484762, ""reach"": 14.0, ""rho_rounds"": 3, ""n_landmarks"": 14, ""dimension"": 12.274789430314609}",ok,3714.33203125,5000,floor 1e-10
mnist,lvm_pca_gpu,lvm_pca,gpu,tune,20000,2,"{""cells"": {""n_cells"": 300}, ""embedding"": {""distance_floor"": 1e-10, ""landmark_mds"": {""missing"": ""chain""}, ""local_scale"": {""pca"": {""fill"": 0.35}, ""strategy"": ""pca""}, ""strategy"": ""landmark_mds""}, ""landmarks"": {""count"": {""dimension"": {""multiplier"": 1.0}, ""strategy"": ""dimension""}, ""strategy"": ""mutual_information""}, ""scaling"": {""reach"": {""k"": null, ""quantile"": 0.1}, ""strategy"": ""reach""}}",16,1.2133906109957024,1.2589701199976844,3157.90234375,370.9609375,1266.0,0.9567495195104825,0.9297126933493831,0.8992000000000001,0.5194372012246198,"{""stages"": {""sample"": 0.09604355400369968, ""dimension"": 0.29485572499834234, ""cells"": 0.09685827400244307, ""masses"": 0.05878225799824577, ""graph"": 0.07967756599828135, ""scaling"": 0.4165711020032177, ""voltages"": 0.010187767999013886, ""landmarks"": 1.111400342779234e-05, ""embedding"": 0.0014646029958385043, ""local_scale"": 0.15893356499873335}, ""rho_g"": 0.0017484597114273551, ""reach"": 14.0, ""rho_rounds"": 2, ""n_landmarks"": 14, ""dimension"": 12.217663659609494}",ok,3538.57421875,5000,floor 1e-10
