method,family,device,split,n,seed,params,threads,fit_s,total_s,peak_rss_mb,extra_rss_mb,gpu_peak_mb,trustworthiness,continuity,knn_accuracy,distance_correlation,info,status,guard_peak_mb,memory_limit_mb,variant
lvm_gpu,lvm,gpu,tune,20000,0,"{""cells"": {""n_cells"": 150}, ""embedding"": {""landmark_mds"": {""missing"": ""chain""}, ""strategy"": ""landmark_mds""}, ""landmarks"": {""count"": {""dimension"": {""multiplier"": 1.0}, ""strategy"": ""dimension""}, ""strategy"": ""mutual_information""}, ""scaling"": {""coverage"": {""overlap"": 8.0}, ""strategy"": ""coverage""}}",16,1.3242248579999796,1.371572930000184,2618.0390625,278.80859375,94.0,0.9269649954860066,0.8718196208245561,0.8235999999999999,0.5315588893898939,"{""stages"": {""sample"": 0.1064534500001173, ""dimension"": 0.9134683809998023, ""cells"": 0.09527133899973705, ""masses"": 0.05565172500064364, ""graph"": 0.04567012299958151, ""scaling"": 0.08264401900032681, ""voltages"": 0.008655468000142719, ""landmarks"": 0.015354288999333221, ""embedding"": 0.0010455490000822465}, ""rho_g"": 0.06208243607191253, ""reach"": null, ""n_landmarks"": 14, ""dimension"": 12.253528143819251}",ok,3125.3203125,5000,coverage overlap 8 (tuned)
lvm_gpu,lvm,gpu,tune,20000,1,"{""cells"": {""n_cells"": 150}, ""embedding"": {""landmark_mds"": {""missing"": ""chain""}, ""strategy"": ""landmark_mds""}, ""landmarks"": {""count"": {""dimension"": {""multiplier"": 1.0}, ""strategy"": ""dimension""}, ""strategy"": ""mutual_information""}, ""scaling"": {""coverage"": {""overlap"": 8.0}, ""strategy"": ""coverage""}}",16,1.2932159930005582,1.3464692280003874,2618.30078125,278.96484375,94.0,0.9320725970508577,0.9006181281974119,0.8192,0.5090435203242416,"{""stages"": {""sample"": 0.10346188899984554, ""dimension"": 0.9509570800000802, ""cells"": 0.09635949299990898, ""masses"": 0.055502220000562374, ""graph"": 0.02837066599931859, ""scaling"": 0.041456488000221725, ""voltages"": 0.004731085000457824, ""landmarks"": 0.011196103999282059, ""embedding"": 0.0011685830004353193}, ""rho_g"": 0.060429639023813285, ""reach"": null, ""n_landmarks"": 14, ""dimension"": 12.274789430314605}",ok,3122.421875,5000,coverage overlap 8 (tuned)
lvm_gpu,lvm,gpu,tune,20000,2,"{""cells"": {""n_cells"": 150}, ""embedding"": {""landmark_mds"": {""missing"": ""chain""}, ""strategy"": ""landmark_mds""}, ""landmarks"": {""count"": {""dimension"": {""multiplier"": 1.0}, ""strategy"": ""dimension""}, ""strategy"": ""mutual_information""}, ""scaling"": {""coverage"": {""overlap"": 8.0}, ""strategy"": ""coverage""}}",16,1.5215420940003241,1.5737570100000084,2618.31640625,278.703125,94.0,0.9235979576687732,0.8606677901494633,0.818,0.5479491235482551,"{""stages"": {""sample"": 0.10980486700009351, ""dimension"": 1.122658390999277, ""cells"": 0.11256967200006329, ""masses"": 0.06229128799986938, ""graph"": 0.025130870000793948, ""scaling"": 0.06290953999996418, ""voltages"": 0.005302048999510589, ""landmarks"": 0.019107350000012957, ""embedding"": 0.0017529059996377327}, ""rho_g"": 0.06335163277105682, ""reach"": null, ""n_landmarks"": 14, ""dimension"": 12.217663659609492}",ok,3006.16015625,5000,coverage overlap 8 (tuned)
lvm_gpu,lvm,gpu,tune,20000,0,"{""cells"": {""n_cells"": 150}, ""embedding"": {""landmark_mds"": {""missing"": ""chain""}, ""strategy"": ""landmark_mds""}, ""landmarks"": {""count"": {""dimension"": {""multiplier"": 1.0}, ""strategy"": ""dimension""}, ""strategy"": ""mutual_information""}, ""scaling"": {""reach"": {""k"": null, ""quantile"": 0.5}, ""strategy"": ""reach""}}",16,1.7122234610005762,1.7628205749997505,2618.734375,278.78125,94.0,0.9349865101815629,0.8838702898986859,0.8217999999999999,0.5360026318214415,"{""stages"": {""sample"": 0.10365872900001705, ""dimension"": 1.032886998000322, ""cells"": 0.09413478700025735, ""masses"": 0.1027939139994487, ""graph"": 0.0667226750001646, ""scaling"": 0.2925652269996135, ""voltages"": 0.005630643000586133, ""landmarks"": 0.012335106999671552, ""embedding"": 0.0014821989998381468}, ""rho_g"": 0.011039991779173971, ""reach"": 14.0, ""n_landmarks"": 14, ""dimension"": 12.253528143819251}",ok,2954.60546875,5000,reach k=all  q=0.5
lvm_gpu,lvm,gpu,tune,20000,1,"{""cells"": {""n_cells"": 150}, ""embedding"": {""landmark_mds"": {""missing"": ""chain""}, ""strategy"": ""landmark_mds""}, ""landmarks"": {""count"": {""dimension"": {""multiplier"": 1.0}, ""strategy"": ""dimension""}, ""strategy"": ""mutual_information""}, ""scaling"": {""reach"": {""k"": null, ""quantile"": 0.5}, ""strategy"": ""reach""}}",16,1.7909518300002674,1.8376571039998453,2619.0390625,278.70703125,94.0,0.9299002387400943,0.9036107372855853,0.8299999999999998,0.5102065096024833,"{""stages"": {""sample"": 0.12363515799916058, ""dimension"": 1.1166409659999772, ""cells"": 0.12689949100058584, ""masses"": 0.07868823499939026, ""graph"": 0.06212735600001906, ""scaling"": 0.2606186280008842, ""voltages"": 0.006033716999809258, ""landmarks"": 0.01510385499932454, ""embedding"": 0.0011777950003306614}, ""rho_g"": 0.011970850304957308, ""reach"": 14.0, ""n_landmarks"": 14, ""dimension"": 12.274789430314605}",ok,2980.2734375,5000,reach k=all  q=0.5
lvm_gpu,lvm,gpu,tune,20000,2,"{""cells"": {""n_cells"": 150}, ""embedding"": {""landmark_mds"": {""missing"": ""chain""}, ""strategy"": ""landmark_mds""}, ""landmarks"": {""count"": {""dimension"": {""multiplier"": 1.0}, ""strategy"": ""dimension""}, ""strategy"": ""mutual_information""}, ""scaling"": {""reach"": {""k"": null, ""quantile"": 0.5}, ""strategy"": ""reach""}}",16,1.555619865999688,1.604389072000231,2618.17578125,278.5390625,94.0,0.9258590029090179,0.8807238800280871,0.8320000000000001,0.5312212964798189,"{""stages"": {""sample"": 0.12801689599928068, ""dimension"": 1.0040806770002746, ""cells"": 0.10438075300044147, ""masses"": 0.052572644999600016, ""graph"": 0.033682745000078285, ""scaling"": 0.21299395299956814, ""voltages"": 0.0032463610004924703, ""landmarks"": 0.015514210000219464, ""embedding"": 0.0011200079998161527}, ""rho_g"": 0.009139816994654904, ""reach"": 14.0, ""n_landmarks"": 14, ""dimension"": 12.217663659609492}",ok,3144.2890625,5000,reach k=all  q=0.5
lvm_gpu,lvm,gpu,tune,20000,0,"{""cells"": {""n_cells"": 150}, ""embedding"": {""landmark_mds"": {""missing"": ""chain""}, ""strategy"": ""landmark_mds""}, ""landmarks"": {""count"": {""dimension"": {""multiplier"": 1.0}, ""strategy"": ""dimension""}, ""strategy"": ""mutual_information""}, ""scaling"": {""reach"": {""k"": null, ""quantile"": 0.25}, ""strategy"": ""reach""}}",16,1.6051054339995972,1.6575109890000022,2618.67578125,279.0,94.0,0.9329214003410573,0.9040609890661049,0.8197999999999999,0.5553358807243981,"{""stages"": {""sample"": 0.12795723899944278, ""dimension"": 1.0085420780005734, ""cells"": 0.09778667899990978, ""masses"": 0.055810240999562666, ""graph"": 0.05799514200043632, ""scaling"": 0.23857967799995095, ""voltages"": 0.004622261999429611, ""landmarks"": 0.012802097000530921, ""embedding"": 0.000994732999970438}, ""rho_g"": 0.00991045856248861, ""reach"": 14.0, ""n_landmarks"": 14, ""dimension"": 12.253528143819251}",ok,2961.9140625,5000,reach k=all  q=0.25
lvm_gpu,lvm,gpu,tune,20000,1,"{""cells"": {""n_cells"": 150}, ""embedding"": {""landmark_mds"": {""missing"": ""chain""}, ""strategy"": ""landmark_mds""}, ""landmarks"": {""count"": {""dimension"": {""multiplier"": 1.0}, ""strategy"": ""dimension""}, ""strategy"": ""mutual_information""}, ""scaling"": {""reach"": {""k"": null, ""quantile"": 0.25}, ""strategy"": ""reach""}}",16,1.6716959679997672,1.7251789279998775,2618.26171875,278.53125,94.0,0.9299002387400943,0.9036107372855853,0.8299999999999998,0.5102065096024833,"{""stages"": {""sample"": 0.10422063700025319, ""dimension"": 1.05711194199921, ""cells"": 0.10222805800003698, ""masses"": 0.06891416200051026, ""graph"": 0.05180573399957211, ""scaling"": 0.2672016120004628, ""voltages"": 0.006268610000006447, ""landmarks"": 0.012093684999854304, ""embedding"": 0.0017885460001707543}, ""rho_g"": 0.011970850304957308, ""reach"": 14.0, ""n_landmarks"": 14, ""dimension"": 12.274789430314605}",ok,2943.96484375,5000,reach k=all  q=0.25
lvm_gpu,lvm,gpu,tune,20000,2,"{""cells"": {""n_cells"": 150}, ""embedding"": {""landmark_mds"": {""missing"": ""chain""}, ""strategy"": ""landmark_mds""}, ""landmarks"": {""count"": {""dimension"": {""multiplier"": 1.0}, ""strategy"": ""dimension""}, ""strategy"": ""mutual_information""}, ""scaling"": {""reach"": {""k"": null, ""quantile"": 0.25}, ""strategy"": ""reach""}}",16,1.548877027999879,1.5928712449995146,2618.9453125,279.1328125,94.0,0.9194045982545892,0.8608276778011836,0.8131999999999999,0.5516424100002263,"{""stages"": {""sample"": 0.11315416900015407, ""dimension"": 0.9677598340003897, ""cells"": 0.11013883399937185, ""masses"": 0.06233353100014938, ""graph"": 0.042297510000025795, ""scaling"": 0.2294337680004901, ""voltages"": 0.004793887999767321, ""landmarks"": 0.017972347000068112, ""embedding"": 0.0009811749996515573}, ""rho_g"": 0.008204696109024995, ""reach"": 14.0, ""n_landmarks"": 14, ""dimension"": 12.217663659609492}",ok,2959.7421875,5000,reach k=all  q=0.25
lvm_gpu,lvm,gpu,tune,20000,0,"{""cells"": {""n_cells"": 150}, ""embedding"": {""landmark_mds"": {""missing"": ""chain""}, ""strategy"": ""landmark_mds""}, ""landmarks"": {""count"": {""dimension"": {""multiplier"": 1.0}, ""strategy"": ""dimension""}, ""strategy"": ""mutual_information""}, ""scaling"": {""reach"": {""k"": null, ""quantile"": 0.1}, ""strategy"": ""reach""}}",16,1.715755839000849,1.7545512420001614,2618.171875,278.875,94.0,0.9353788664861069,0.9098406941518707,0.8200000000000001,0.5556428441136246,"{""stages"": {""sample"": 0.13646245899963105, ""dimension"": 1.1255254210000203, ""cells"": 0.0990460670000175, ""masses"": 0.06306031200074358, ""graph"": 0.03907639999943058, ""scaling"": 0.2319015880002553, ""voltages"": 0.004114645999834465, ""landmarks"": 0.01523247499972058, ""embedding"": 0.001320645000305376}, ""rho_g"": 0.008429100850284558, ""reach"": 14.0, ""n_landmarks"": 14, ""dimension"": 12.253528143819251}",ok,2959.296875,5000,reach k=all  q=0.1
lvm_gpu,lvm,gpu,tune,20000,1,"{""cells"": {""n_cells"": 150}, ""embedding"": {""landmark_mds"": {""missing"": ""chain""}, ""strategy"": ""landmark_mds""}, ""landmarks"": {""count"": {""dimension"": {""multiplier"": 1.0}, ""strategy"": ""dimension""}, ""strategy"": ""mutual_information""}, ""scaling"": {""reach"": {""k"": null, ""quantile"": 0.1}, ""strategy"": ""reach""}}",16,1.5498124030000326,1.593143826999949,2618.39453125,278.640625,94.0,0.9303738750125389,0.9052587421005116,0.8316000000000001,0.46956665660713,"{""stages"": {""sample"": 0.10668466600054671, ""dimension"": 0.9846540019998429, ""cells"": 0.1083900289995654, ""masses"": 0.05309833899991645, ""graph"": 0.04217297100058204, ""scaling"": 0.23952889900010632, ""voltages"": 0.003261813999415608, ""landmarks"": 0.01104996000049141, ""embedding"": 0.0009609660000933218}, ""rho_g"": 0.007566695371401165, ""reach"": 14.0, ""n_landmarks"": 14, ""dimension"": 12.274789430314605}",ok,3040.39453125,5000,reach k=all  q=0.1
lvm_gpu,lvm,gpu,tune,20000,2,"{""cells"": {""n_cells"": 150}, ""embedding"": {""landmark_mds"": {""missing"": ""chain""}, ""strategy"": ""landmark_mds""}, ""landmarks"": {""count"": {""dimension"": {""multiplier"": 1.0}, ""strategy"": ""dimension""}, ""strategy"": ""mutual_information""}, ""scaling"": {""reach"": {""k"": null, ""quantile"": 0.1}, ""strategy"": ""reach""}}",16,1.5865543800000523,1.6402179050000996,2618.109375,278.49609375,94.0,0.9197050336041729,0.8732490319991975,0.8168,0.5593712623144816,"{""stages"": {""sample"": 0.12832150899976114, ""dimension"": 0.9755582879997746, ""cells"": 0.11158499000066513, ""masses"": 0.0605851589998565, ""graph"": 0.0328805929993905, ""scaling"": 0.2599594299999808, ""voltages"": 0.00391767000019172, ""landmarks"": 0.012533912999970198, ""embedding"": 0.0011988770002062665}, ""rho_g"": 0.006978305848598664, ""reach"": 14.0, ""n_landmarks"": 14, ""dimension"": 12.217663659609492}",ok,2948.65625,5000,reach k=all  q=0.1
lvm_gpu,lvm,gpu,tune,20000,0,"{""cells"": {""n_cells"": 150}, ""embedding"": {""landmark_mds"": {""missing"": ""chain""}, ""strategy"": ""landmark_mds""}, ""landmarks"": {""count"": {""dimension"": {""multiplier"": 1.0}, ""strategy"": ""dimension""}, ""strategy"": ""mutual_information""}, ""scaling"": {""reach"": {""k"": 8, ""quantile"": 0.5}, ""strategy"": ""reach""}}",16,1.5304218219998802,1.5706765489994723,2618.296875,278.73828125,94.0,0.9114836954559133,0.8222689256695757,0.7882,0.44642225610509384,"{""stages"": {""sample"": 0.06489892399986275, ""dimension"": 1.0052800040002694, ""cells"": 0.1017340400003377, ""masses"": 0.06799311800023133, ""graph"": 0.06337485599942738, ""scaling"": 0.20917115100019146, ""voltages"": 0.004566388000057486, ""landmarks"": 0.012361170999611204, ""embedding"": 0.0010307760003342992}, ""rho_g"": 0.1252149689065557, ""reach"": 8.0, ""n_landmarks"": 14, ""dimension"": 12.253528143819251}",ok,3019.6875,5000,reach k=8    q=0.5
lvm_gpu,lvm,gpu,tune,20000,1,"{""cells"": {""n_cells"": 150}, ""embedding"": {""landmark_mds"": {""missing"": ""chain""}, ""strategy"": ""landmark_mds""}, ""landmarks"": {""count"": {""dimension"": {""multiplier"": 1.0}, ""strategy"": ""dimension""}, ""strategy"": ""mutual_information""}, ""scaling"": {""reach"": {""k"": 8, ""quantile"": 0.5}, ""strategy"": ""reach""}}",16,1.5941091089998736,1.6370855400000437,2618.8828125,278.8671875,94.0,0.9121002788644799,0.808412334236132,0.8006,0.3814530338560587,"{""stages"": {""sample"": 0.13338880599985714, ""dimension"": 1.0397016770002665, ""cells"": 0.1006298689999312, ""masses"": 0.05391783100003522, ""graph"": 0.041482893999273074, ""scaling"": 0.20903449100023863, ""voltages"": 0.0034116770002583507, ""landmarks"": 0.011338903999785543, ""embedding"": 0.0011919380003746483}, ""rho_g"": 0.10090350448414476, ""reach"": 8.0, ""n_landmarks"": 14, ""dimension"": 12.274789430314605}",ok,3122.6484375,5000,reach k=8    q=0.5
lvm_gpu,lvm,gpu,tune,20000,2,"{""cells"": {""n_cells"": 150}, ""embedding"": {""landmark_mds"": {""missing"": ""chain""}, ""strategy"": ""landmark_mds""}, ""landmarks"": {""count"": {""dimension"": {""multiplier"": 1.0}, ""strategy"": ""dimension""}, ""strategy"": ""mutual_information""}, ""scaling"": {""reach"": {""k"": 8, ""quantile"": 0.5}, ""strategy"": ""reach""}}",16,1.7301286359997903,1.7747266540000055,2618.65234375,278.828125,94.0,0.9171024937305647,0.865452434547096,0.8058,0.4674395910738608,"{""stages"": {""sample"": 0.1198033269993175, ""dimension"": 1.1550199690000227, ""cells"": 0.11118258900023648, ""masses"": 0.06427479100057099, ""graph"": 0.03845366699988517, ""scaling"": 0.22689338399959524, ""voltages"": 0.0031108330003917217, ""landmarks"": 0.010297464999894146, ""embedding"": 0.0010603299997455906}, ""rho_g"": 0.12188141848422895, ""reach"": 8.0, ""n_landmarks"": 14, ""dimension"": 12.217663659609492}",ok,3144.69140625,5000,reach k=8    q=0.5
