dataset,method,family,device,split,n,seed,params,threads,fit_s,total_s,peak_rss_mb,extra_rss_mb,gpu_peak_mb,trustworthiness,continuity,knn_accuracy,distance_correlation,info,status,guard_peak_mb,memory_limit_mb
mnist,lvm_gpu,lvm,gpu,tune,20000,0,"{""cells"": {""n_cells"": 100}, ""embedding"": {""landmark_mds"": {""missing"": ""chain""}, ""strategy"": ""landmark_mds""}, ""landmarks"": {""count"": {""dimension"": {""multiplier"": 1.0}, ""strategy"": ""dimension""}, ""strategy"": ""mutual_information""}, ""scaling"": {""reach"": {""k"": null, ""quantile"": 0.1}, ""strategy"": ""reach""}}",16,0.5691397570044501,0.6144068070134381,2783.34765625,281.7890625,540.0,0.9554119008927676,0.9205739432239943,0.8319999999999999,0.4515273991247872,"{""stages"": {""sample"": 0.06942783200065605, ""dimension"": 0.31024702500144485, ""cells"": 0.050417581005604006, ""masses"": 0.05940682499203831, ""graph"": 0.013242761997389607, ""scaling"": 0.06073562300298363, ""voltages"": 0.004717142001027241, ""landmarks"": 8.408998837694526e-06, ""embedding"": 0.0009220810024999082}, ""rho_g"": 0.07181011550336226, ""reach"": 14.0, ""rho_rounds"": 1, ""n_landmarks"": 14, ""dimension"": 12.253528137057936}",ok,3109.49609375,5000
mnist,lvm_gpu,lvm,gpu,tune,20000,1,"{""cells"": {""n_cells"": 100}, ""embedding"": {""landmark_mds"": {""missing"": ""chain""}, ""strategy"": ""landmark_mds""}, ""landmarks"": {""count"": {""dimension"": {""multiplier"": 1.0}, ""strategy"": ""dimension""}, ""strategy"": ""mutual_information""}, ""scaling"": {""reach"": {""k"": null, ""quantile"": 0.1}, ""strategy"": ""reach""}}",16,0.5818088289961452,0.6204341759876115,2783.7109375,281.83984375,540.0,0.9569756725850136,0.9291163687431037,0.8544,0.34595385547938984,"{""stages"": {""sample"": 0.06643956100742798, ""dimension"": 0.3064863420004258, ""cells"": 0.04135637699801009, ""masses"": 0.06888632899790537, ""graph"": 0.04855238299933262, ""scaling"": 0.047152043000096455, ""voltages"": 0.0020547559979604557, ""landmarks"": 5.806999979540706e-06, ""embedding"": 0.0008605549955973402}, ""rho_g"": 0.07181011550336226, ""reach"": 14.0, ""rho_rounds"": 1, ""n_landmarks"": 14, ""dimension"": 12.274789417777374}",ok,3267.2265625,5000
mnist,lvm_gpu,lvm,gpu,tune,20000,2,"{""cells"": {""n_cells"": 100}, ""embedding"": {""landmark_mds"": {""missing"": ""chain""}, ""strategy"": ""landmark_mds""}, ""landmarks"": {""count"": {""dimension"": {""multiplier"": 1.0}, ""strategy"": ""dimension""}, ""strategy"": ""mutual_information""}, ""scaling"": {""reach"": {""k"": null, ""quantile"": 0.1}, ""strategy"": ""reach""}}",16,0.666798923004535,0.714298457998666,2783.25,281.80859375,540.0,0.9570745791955061,0.922387802186779,0.8518000000000001,0.4647718119279497,"{""stages"": {""sample"": 0.08000348399218637, ""dimension"": 0.3025479269999778, ""cells"": 0.04858160301228054, ""masses"": 0.08960286399815232, ""graph"": 0.035632289989735, ""scaling"": 0.1072615150042111, ""voltages"": 0.002228522003861144, ""landmarks"": 6.788002792745829e-06, ""embedding"": 0.000919154001167044}, ""rho_g"": 0.04656309910440894, ""reach"": 14.0, ""rho_rounds"": 3, ""n_landmarks"": 14, ""dimension"": 12.217663643968518}",ok,3280.8515625,5000
mnist,lvm_gpu,lvm,gpu,tune,20000,0,"{""cells"": {""n_cells"": 150}, ""embedding"": {""landmark_mds"": {""missing"": ""chain""}, ""strategy"": ""landmark_mds""}, ""landmarks"": {""count"": {""dimension"": {""multiplier"": 1.0}, ""strategy"": ""dimension""}, ""strategy"": ""mutual_information""}, ""scaling"": {""reach"": {""k"": null, ""quantile"": 0.1}, ""strategy"": ""reach""}}",16,0.6911744360113516,0.7309889550087973,2784.34375,281.375,542.0,0.965258336844217,0.9347849252683318,0.8573999999999999,0.47764900315673764,"{""stages"": {""sample"": 0.07965551399684045, ""dimension"": 0.3380982349917758, ""cells"": 0.06125773700478021, ""masses"": 0.05903984799806494, ""graph"": 0.04345516600005794, ""scaling"": 0.10569116500846576, ""voltages"": 0.002912134994403459, ""landmarks"": 6.900998414494097e-06, ""embedding"": 0.001042574003804475}, ""rho_g"": 0.027768784861854693, ""reach"": 14.0, ""rho_rounds"": 2, ""n_landmarks"": 14, ""dimension"": 12.253528137057936}",ok,3251.37890625,5000
mnist,lvm_gpu,lvm,gpu,tune,20000,1,"{""cells"": {""n_cells"": 150}, ""embedding"": {""landmark_mds"": {""missing"": ""chain""}, ""strategy"": ""landmark_mds""}, ""landmarks"": {""count"": {""dimension"": {""multiplier"": 1.0}, ""strategy"": ""dimension""}, ""strategy"": ""mutual_information""}, ""scaling"": {""reach"": {""k"": null, ""quantile"": 0.1}, ""strategy"": ""reach""}}",16,0.8197640600119485,0.8661161280033411,2784.69921875,281.40234375,542.0,0.9648897261510683,0.9272320393218979,0.8654,0.3316250182304736,"{""stages"": {""sample"": 0.047016825003083795, ""dimension"": 0.34496871099690907, ""cells"": 0.059774327994091436, ""masses"": 0.07807144000253174, ""graph"": 0.04721584200160578, ""scaling"": 0.2386598549928749, ""voltages"": 0.0029567610035883263, ""landmarks"": 7.03400291968137e-06, ""embedding"": 0.0010803040058817714}, ""rho_g"": 0.024384494202286833, ""reach"": 14.0, ""rho_rounds"": 5, ""n_landmarks"": 14, ""dimension"": 12.274789417777374}",ok,3243.4609375,5000
mnist,lvm_gpu,lvm,gpu,tune,20000,2,"{""cells"": {""n_cells"": 150}, ""embedding"": {""landmark_mds"": {""missing"": ""chain""}, ""strategy"": ""landmark_mds""}, ""landmarks"": {""count"": {""dimension"": {""multiplier"": 1.0}, ""strategy"": ""dimension""}, ""strategy"": ""mutual_information""}, ""scaling"": {""reach"": {""k"": null, ""quantile"": 0.1}, ""strategy"": ""reach""}}",16,0.7070049499889137,0.7481355350028025,2784.734375,280.97265625,542.0,0.9660840926873308,0.9335887089978935,0.875,0.4926160051974558,"{""stages"": {""sample"": 0.06965365499490872, ""dimension"": 0.30286215200612787, ""cells"": 0.05970083198917564, ""masses"": 0.08991495100781322, ""graph"": 0.0558168589923298, ""scaling"": 0.12497370000346564, ""voltages"": 0.0030433070060098544, ""landmarks"": 7.15100031811744e-06, ""embedding"": 0.0010185509891016409}, ""rho_g"": 0.026591479484724942, ""reach"": 14.0, ""rho_rounds"": 2, ""n_landmarks"": 14, ""dimension"": 12.217663643968518}",ok,3125.7109375,5000
mnist,lvm_gpu,lvm,gpu,tune,20000,0,"{""cells"": {""n_cells"": 200}, ""embedding"": {""landmark_mds"": {""missing"": ""chain""}, ""strategy"": ""landmark_mds""}, ""landmarks"": {""count"": {""dimension"": {""multiplier"": 1.0}, ""strategy"": ""dimension""}, ""strategy"": ""mutual_information""}, ""scaling"": {""reach"": {""k"": null, ""quantile"": 0.1}, ""strategy"": ""reach""}}",16,0.7421159880032064,0.7853940519999014,2784.7890625,281.26953125,542.0,0.9705321938007824,0.9379514414685525,0.877,0.4098827191701992,"{""stages"": {""sample"": 0.07012019299145322, ""dimension"": 0.3422560150065692, ""cells"": 0.05612492699583527, ""masses"": 0.06750673000351526, ""graph"": 0.04861922799318563, ""scaling"": 0.14990629500243813, ""voltages"": 0.006592157995328307, ""landmarks"": 2.2899010218679905e-05, ""embedding"": 0.0009530669922241941}, ""rho_g"": 0.013925614699132163, ""reach"": 14.0, ""rho_rounds"": 1, ""n_landmarks"": 14, ""dimension"": 12.253528137057936}",ok,3187.48828125,5000
mnist,lvm_gpu,lvm,gpu,tune,20000,1,"{""cells"": {""n_cells"": 200}, ""embedding"": {""landmark_mds"": {""missing"": ""chain""}, ""strategy"": ""landmark_mds""}, ""landmarks"": {""count"": {""dimension"": {""multiplier"": 1.0}, ""strategy"": ""dimension""}, ""strategy"": ""mutual_information""}, ""scaling"": {""reach"": {""k"": null, ""quantile"": 0.1}, ""strategy"": ""reach""}}",16,0.8321100210014265,0.8761560730054043,2784.56640625,281.21484375,542.0,0.9703454268231517,0.9330488755140937,0.8767999999999999,0.38582340702374146,"{""stages"": {""sample"": 0.0773622700071428, ""dimension"": 0.3460720069997478, ""cells"": 0.06150066599366255, ""masses"": 0.061540915005025454, ""graph"": 0.08018717699451372, ""scaling"": 0.20026120300462935, ""voltages"": 0.004073796997545287, ""landmarks"": 7.384995114989579e-06, ""embedding"": 0.0010885740048252046}, ""rho_g"": 0.014520614715441324, ""reach"": 14.0, ""rho_rounds"": 2, ""n_landmarks"": 14, ""dimension"": 12.274789417777374}",ok,3214.05078125,5000
mnist,lvm_gpu,lvm,gpu,tune,20000,2,"{""cells"": {""n_cells"": 200}, ""embedding"": {""landmark_mds"": {""missing"": ""chain""}, ""strategy"": ""landmark_mds""}, ""landmarks"": {""count"": {""dimension"": {""multiplier"": 1.0}, ""strategy"": ""dimension""}, ""strategy"": ""mutual_information""}, ""scaling"": {""reach"": {""k"": null, ""quantile"": 0.1}, ""strategy"": ""reach""}}",16,0.84833842900116,0.8913463440112537,2784.34375,280.91015625,542.0,0.9704319991975123,0.9347159634868091,0.89,0.45293983804505195,"{""stages"": {""sample"": 0.07408161700004712, ""dimension"": 0.3700582660094369, ""cells"": 0.051559921994339675, ""masses"": 0.06656424200627953, ""graph"": 0.06758943200111389, ""scaling"": 0.21196224600134883, ""voltages"": 0.005479100000229664, ""landmarks"": 1.3124998076818883e-05, ""embedding"": 0.0010144089901586995}, ""rho_g"": 0.012750930481971073, ""reach"": 14.0, ""rho_rounds"": 2, ""n_landmarks"": 14, ""dimension"": 12.217663643968518}",ok,3267.90625,5000
mnist,lvm_gpu,lvm,gpu,tune,20000,0,"{""cells"": {""n_cells"": 300}, ""embedding"": {""landmark_mds"": {""missing"": ""chain""}, ""strategy"": ""landmark_mds""}, ""landmarks"": {""count"": {""dimension"": {""multiplier"": 1.0}, ""strategy"": ""dimension""}, ""strategy"": ""mutual_information""}, ""scaling"": {""reach"": {""k"": null, ""quantile"": 0.1}, ""strategy"": ""reach""}}",16,1.040868808995583,1.0922721850074595,2813.8046875,281.39453125,542.0,0.9714839482395425,0.9415579616812118,0.8901999999999999,0.4441269347774706,"{""stages"": {""sample"": 0.07982336000713985, ""dimension"": 0.2976905739924405, ""cells"": 0.06762882100883871, ""masses"": 0.06749711198790465, ""graph"": 0.09715827500622254, ""scaling"": 0.42039642500458285, ""voltages"": 0.009686170000350103, ""landmarks"": 1.0773990652523935e-05, ""embedding"": 0.0009644560050219297}, ""rho_g"": 0.006973135852921816, ""reach"": 14.0, ""rho_rounds"": 2, ""n_landmarks"": 14, ""dimension"": 12.253528137057936}",ok,3286.52734375,5000
mnist,lvm_gpu,lvm,gpu,tune,20000,1,"{""cells"": {""n_cells"": 300}, ""embedding"": {""landmark_mds"": {""missing"": ""chain""}, ""strategy"": ""landmark_mds""}, ""landmarks"": {""count"": {""dimension"": {""multiplier"": 1.0}, ""strategy"": ""dimension""}, ""strategy"": ""mutual_information""}, ""scaling"": {""reach"": {""k"": null, ""quantile"": 0.1}, ""strategy"": ""reach""}}",16,0.8817083619942423,0.9273919120023493,2812.84375,281.484375,542.0,0.9708488233523924,0.9337858200421306,0.8907999999999999,0.3544974203960469,"{""stages"": {""sample"": 0.0741427970060613, ""dimension"": 0.3351419039972825, ""cells"": 0.06864541000686586, ""masses"": 0.06027878398890607, ""graph"": 0.07194096800230909, ""scaling"": 0.26291472101002, ""voltages"": 0.007610208995174617, ""landmarks"": 1.0435993317514658e-05, ""embedding"": 0.0010052030120277777}, ""rho_g"": 0.007604258568536588, ""reach"": 14.0, ""rho_rounds"": 1, ""n_landmarks"": 14, ""dimension"": 12.274789417777374}",ok,3278.07421875,5000
mnist,lvm_gpu,lvm,gpu,tune,20000,2,"{""cells"": {""n_cells"": 300}, ""embedding"": {""landmark_mds"": {""missing"": ""chain""}, ""strategy"": ""landmark_mds""}, ""landmarks"": {""count"": {""dimension"": {""multiplier"": 1.0}, ""strategy"": ""dimension""}, ""strategy"": ""mutual_information""}, ""scaling"": {""reach"": {""k"": null, ""quantile"": 0.1}, ""strategy"": ""reach""}}",16,1.1164834070077632,1.1614131230016937,2813.4765625,281.4375,542.0,0.9696163707493229,0.9375384491924967,0.9032,0.4108735520611446,"{""stages"": {""sample"": 0.08026380899536889, ""dimension"": 0.3544527170015499, ""cells"": 0.06820700800744817, ""masses"": 0.07213492499431595, ""graph"": 0.07914198300568387, ""scaling"": 0.45160645998839755, ""voltages"": 0.009376072004670277, ""landmarks"": 1.0746996849775314e-05, ""embedding"": 0.0012734190095216036}, ""rho_g"": 0.0066774977695147775, ""reach"": 14.0, ""rho_rounds"": 2, ""n_landmarks"": 14, ""dimension"": 12.217663643968518}",ok,3151.125,5000
mnist,lvm_gpu,lvm,gpu,tune,20000,0,"{""cells"": {""n_cells"": 400}, ""embedding"": {""landmark_mds"": {""missing"": ""chain""}, ""strategy"": ""landmark_mds""}, ""landmarks"": {""count"": {""dimension"": {""multiplier"": 1.0}, ""strategy"": ""dimension""}, ""strategy"": ""mutual_information""}, ""scaling"": {""reach"": {""k"": null, ""quantile"": 0.1}, ""strategy"": ""reach""}}",16,1.3197430559957866,1.3646729509928264,2819.68359375,281.55859375,726.0,0.9638775845119871,0.9336673126692747,0.8847999999999999,0.3437178871265863,"{""stages"": {""sample"": 0.07108545200026128, ""dimension"": 0.2997905200027162, ""cells"": 0.06846476999635343, ""masses"": 0.07410853999317624, ""graph"": 0.06639526999788359, ""scaling"": 0.7311064770037774, ""voltages"": 0.007764540001517162, ""landmarks"": 1.1123003787361085e-05, ""embedding"": 0.0010021519992733374}, ""rho_g"": 0.003813417671130391, ""reach"": 14.0, ""rho_rounds"": 2, ""n_landmarks"": 14, ""dimension"": 12.253528137057936}",ok,3316.9609375,5000
mnist,lvm_gpu,lvm,gpu,tune,20000,1,"{""cells"": {""n_cells"": 400}, ""embedding"": {""landmark_mds"": {""missing"": ""chain""}, ""strategy"": ""landmark_mds""}, ""landmarks"": {""count"": {""dimension"": {""multiplier"": 1.0}, ""strategy"": ""dimension""}, ""strategy"": ""mutual_information""}, ""scaling"": {""reach"": {""k"": null, ""quantile"": 0.1}, ""strategy"": ""reach""}}",16,1.3581757259962615,1.41080689500086,2819.2265625,281.33203125,716.0,0.9657361300030093,0.9402643996388805,0.8914,0.346061364939567,"{""stages"": {""sample"": 0.08378694098792039, ""dimension"": 0.31716593500459567, ""cells"": 0.07552668900461867, ""masses"": 0.06323582999175414, ""graph"": 0.06679567800892983, ""scaling"": 0.7428368029941339, ""voltages"": 0.0076858870015712455, ""landmarks"": 9.452996891923249e-06, ""embedding"": 0.0011192859965376556}, ""rho_g"": 0.0045282263373729445, ""reach"": 14.0, ""rho_rounds"": 2, ""n_landmarks"": 14, ""dimension"": 12.274789417777374}",ok,3286.89453125,5000
mnist,lvm_gpu,lvm,gpu,tune,20000,2,"{""cells"": {""n_cells"": 400}, ""embedding"": {""landmark_mds"": {""missing"": ""chain""}, ""strategy"": ""landmark_mds""}, ""landmarks"": {""count"": {""dimension"": {""multiplier"": 1.0}, ""strategy"": ""dimension""}, ""strategy"": ""mutual_information""}, ""scaling"": {""reach"": {""k"": null, ""quantile"": 0.1}, ""strategy"": ""reach""}}",16,1.0942782560014166,1.143473845004337,2827.95703125,281.24609375,726.0,0.9655959875614405,0.941504431738389,0.9067999999999999,0.42517146078758794,"{""stages"": {""sample"": 0.0772372569917934, ""dimension"": 0.3390559480030788, ""cells"": 0.08348844799911603, ""masses"": 0.05778167700918857, ""graph"": 0.08364299598906655, ""scaling"": 0.44179796800017357, ""voltages"": 0.010180356999626383, ""landmarks"": 1.1175012332387269e-05, ""embedding"": 0.0010675969970179722}, ""rho_g"": 0.0033486615116642333, ""reach"": 14.0, ""rho_rounds"": 1, ""n_landmarks"": 14, ""dimension"": 12.217663643968518}",ok,3201.18359375,5000
mnist,lvm_gpu,lvm,gpu,tune,20000,0,"{""cells"": {""n_cells"": 600}, ""embedding"": {""landmark_mds"": {""missing"": ""chain""}, ""strategy"": ""landmark_mds""}, ""landmarks"": {""count"": {""dimension"": {""multiplier"": 1.0}, ""strategy"": ""dimension""}, ""strategy"": ""mutual_information""}, ""scaling"": {""reach"": {""k"": null, ""quantile"": 0.1}, ""strategy"": ""reach""}}",16,2.5763394920068095,2.6490752099925885,2810.8515625,284.4609375,606.0,0.9412093128698966,0.939519827465142,0.891,0.3960583504645542,"{""stages"": {""sample"": 0.06773973300005309, ""dimension"": 0.29291966000164393, ""cells"": 0.07392430100298952, ""masses"": 0.06852971798798535, ""graph"": 0.13006817101268098, ""scaling"": 1.926508581993403, ""voltages"": 0.015211382997222245, ""landmarks"": 1.4101009583100677e-05, ""embedding"": 0.001408976997481659}, ""rho_g"": 0.0019940796483178033, ""reach"": 14.0, ""rho_rounds"": 2, ""n_landmarks"": 14, ""dimension"": 12.253528137057936}",ok,3293.15625,5000
mnist,lvm_gpu,lvm,gpu,tune,20000,1,"{""cells"": {""n_cells"": 600}, ""embedding"": {""landmark_mds"": {""missing"": ""chain""}, ""strategy"": ""landmark_mds""}, ""landmarks"": {""count"": {""dimension"": {""multiplier"": 1.0}, ""strategy"": ""dimension""}, ""strategy"": ""mutual_information""}, ""scaling"": {""reach"": {""k"": null, ""quantile"": 0.1}, ""strategy"": ""reach""}}",16,1.830336636005086,1.897528910994879,2811.265625,284.55859375,608.0,0.9399289316882335,0.9340688975825058,0.8892,0.36977245388028235,"{""stages"": {""sample"": 0.08684249399811961, ""dimension"": 0.3128401110006962, ""cells"": 0.0792019079963211, ""masses"": 0.068981768010417, ""graph"": 0.12099201399541926, ""scaling"": 1.1452319559903117, ""voltages"": 0.015011255003628321, ""landmarks"": 1.4639008441008627e-05, ""embedding"": 0.0012031179940095171}, ""rho_g"": 0.0020823650968103597, ""reach"": 14.0, ""rho_rounds"": 1, ""n_landmarks"": 14, ""dimension"": 12.274789417777374}",ok,3301.53515625,5000
mnist,lvm_gpu,lvm,gpu,tune,20000,2,"{""cells"": {""n_cells"": 600}, ""embedding"": {""landmark_mds"": {""missing"": ""chain""}, ""strategy"": ""landmark_mds""}, ""landmarks"": {""count"": {""dimension"": {""multiplier"": 1.0}, ""strategy"": ""dimension""}, ""strategy"": ""mutual_information""}, ""scaling"": {""reach"": {""k"": null, ""quantile"": 0.1}, ""strategy"": ""reach""}}",16,2.6437782419961877,2.70934641599888,2810.96875,284.82421875,606.0,0.9409444598254589,0.9318947015748822,0.8926000000000001,0.27701673720970116,"{""stages"": {""sample"": 0.07888675598951522, ""dimension"": 0.33306610700674355, ""cells"": 0.08598454800085165, ""masses"": 0.06375411800399888, ""graph"": 0.09653270999842789, ""scaling"": 1.9688673479977297, ""voltages"": 0.015499161003390327, ""landmarks"": 1.2698001228272915e-05, ""embedding"": 0.0011602769955061376}, ""rho_g"": 0.0019940796483178033, ""reach"": 14.0, ""rho_rounds"": 2, ""n_landmarks"": 14, ""dimension"": 12.217663643968518}",ok,3332.6328125,5000
