method,family,device,split,n,seed,params,threads,fit_s,total_s,peak_rss_mb,extra_rss_mb,gpu_peak_mb,trustworthiness,continuity,knn_accuracy,distance_correlation,info,status,guard_peak_mb,memory_limit_mb,dataset
le_cpu,le,cpu,eval,5000,0,"{""n_neighbors"": 5}",16,0.30810811199989985,0.3081117470010213,282.12109375,0.0,,0.8492749884642391,0.9546431457518306,0.7372,0.3124519539837432,,ok,686.859375,5000,
le_cpu,le,cpu,eval,5000,1,"{""n_neighbors"": 5}",16,0.46144660800018755,0.4614505999998073,281.90625,0.0,,0.8227347457117062,0.9478053365432841,0.6724,0.43140948965760556,,ok,763.515625,5000,
le_cpu,le,cpu,eval,5000,2,"{""n_neighbors"": 5}",16,0.30336835399975826,0.30337175100066816,281.859375,0.0,,0.8383187320694152,0.954792412478684,0.7407999999999999,0.26114327670216625,,ok,861.25,5000,
le_cpu,le,cpu,eval,10000,0,"{""n_neighbors"": 5}",16,1.0296944930014433,1.029698678999921,315.72265625,0.0,,0.8453978252583008,0.9495662634165914,0.7544,0.3212499479820453,,ok,769.640625,5000,
le_cpu,le,cpu,eval,10000,1,"{""n_neighbors"": 5}",16,1.182878947998688,1.1828834179996193,315.4765625,0.0,,0.8290293028388003,0.9468682596047748,0.7156,0.4010564386796875,,ok,857.41015625,5000,
le_cpu,le,cpu,eval,10000,2,"{""n_neighbors"": 5}",16,0.9238739299998997,0.9238774519999424,315.63671875,0.0,,0.8374839963888052,0.9506053445681613,0.7467999999999999,0.29412355235568305,,ok,717.6015625,5000,
le_cpu,le,cpu,eval,20000,0,"{""n_neighbors"": 5}",16,2.8579721080004674,2.857976883999072,383.1640625,0.0,,0.8342877761059284,0.9453987922559935,0.766,0.31300747734113615,,ok,796.21484375,5000,
le_cpu,le,cpu,eval,20000,1,"{""n_neighbors"": 5}",16,2.4726989470000262,2.472703466000894,383.12890625,0.0,,0.8305558952753536,0.9441557307653726,0.73,0.24761561294344153,,ok,964.91015625,5000,
le_cpu,le,cpu,eval,20000,2,"{""n_neighbors"": 5}",16,2.5734317009992083,2.5734354449996317,383.4453125,0.0,,0.8491579697060889,0.9472969324907212,0.7686000000000001,0.26429298519075956,,ok,870.61328125,5000,
le_cpu,le,cpu,eval,40000,0,"{""n_neighbors"": 5}",16,9.228103956000268,9.22810860899881,517.796875,0.0,,0.831985133915137,0.9442914514996489,0.7807999999999999,0.2274140108020252,,ok,915.5390625,5000,
le_cpu,le,cpu,eval,40000,1,"{""n_neighbors"": 5}",16,8.861971616001028,8.861976591000712,517.87109375,0.0,,0.8412525468953757,0.9427783890059184,0.7771999999999999,0.22675226304093798,,ok,934.140625,5000,
le_cpu,le,cpu,eval,40000,2,"{""n_neighbors"": 5}",16,10.945985898999425,10.945991030999721,517.96484375,0.0,,0.8447628127194302,0.945381269936804,0.7892,0.23426476877015043,,ok,938.23046875,5000,
lisomap_cpu,lisomap,cpu,eval,5000,0,"{""n_landmarks"": 60, ""n_neighbors"": 10}",16,0.4659068850000949,0.46609817199987447,720.84375,0.0,,0.7585044237135119,0.9468577309659946,0.45199999999999996,0.5573714794592591,"{""usable_components"": 2, ""unreached_points"": 0}",ok,1305.44921875,5000,
lisomap_cpu,lisomap,cpu,eval,5000,1,"{""n_landmarks"": 60, ""n_neighbors"": 10}",16,0.3961293930001375,0.396280382000441,721.69921875,0.0,,0.7739641247868392,0.9526707071922961,0.4326,0.5340943578152489,"{""usable_components"": 2, ""unreached_points"": 0}",ok,1309.72265625,5000,
lisomap_cpu,lisomap,cpu,eval,5000,2,"{""n_landmarks"": 60, ""n_neighbors"": 10}",16,0.3983053850001852,0.39846462200011956,721.27734375,0.0,,0.7633157307653726,0.9465491303039422,0.4298,0.5604178899626628,"{""usable_components"": 2, ""unreached_points"": 0}",ok,1175.33984375,5000,
lisomap_cpu,lisomap,cpu,eval,10000,0,"{""n_landmarks"": 60, ""n_neighbors"": 10}",16,1.064519571999881,1.0646886020003876,761.1484375,10.1953125,,0.769682860868693,0.9473586999699067,0.45499999999999996,0.5585954358715881,"{""usable_components"": 2, ""unreached_points"": 0}",ok,1268.59375,5000,
lisomap_cpu,lisomap,cpu,eval,10000,1,"{""n_landmarks"": 60, ""n_neighbors"": 10}",16,1.0665548199999648,1.0667644610002753,760.96875,10.05859375,,0.7662015809007925,0.9466765773899087,0.5188,0.5517657202823385,"{""usable_components"": 2, ""unreached_points"": 0}",ok,1374.54296875,5000,
lisomap_cpu,lisomap,cpu,eval,10000,2,"{""n_landmarks"": 60, ""n_neighbors"": 10}",16,1.1699097760001678,1.1700856330003262,760.71875,9.75,,0.7439427906510181,0.9410875233222992,0.48600000000000004,0.492561606221487,"{""usable_components"": 2, ""unreached_points"": 0}",ok,1222.48046875,5000,
lisomap_cpu,lisomap,cpu,eval,20000,0,"{""n_landmarks"": 60, ""n_neighbors"": 10}",16,2.435098015999756,2.4352349050000157,854.83203125,43.7578125,,0.746421771491624,0.9383332009228609,0.46820000000000006,0.5603813102683384,"{""usable_components"": 2, ""unreached_points"": 0}",ok,1281.6484375,5000,
lisomap_cpu,lisomap,cpu,eval,20000,1,"{""n_landmarks"": 60, ""n_neighbors"": 10}",16,2.39042710800004,2.390618087999883,855.1875,43.9375,,0.7089390630955963,0.9342935219179456,0.41739999999999994,0.483417436847936,"{""usable_components"": 2, ""unreached_points"": 0}",ok,1281.90625,5000,
lisomap_cpu,lisomap,cpu,eval,20000,2,"{""n_landmarks"": 60, ""n_neighbors"": 10}",16,2.473208067000087,2.4733933570000772,854.97265625,43.640625,,0.7440912950145451,0.9402760637977731,0.43179999999999996,0.5452587465425115,"{""usable_components"": 2, ""unreached_points"": 0}",ok,1281.734375,5000,
lisomap_cpu,lisomap,cpu,eval,40000,0,"{""n_landmarks"": 60, ""n_neighbors"": 10}",16,10.978907037999761,10.97904857399999,1014.33203125,83.6171875,,0.7397591052262011,0.9387236312568964,0.4032,0.5194891081521454,"{""usable_components"": 2, ""unreached_points"": 0}",ok,1583.01171875,5000,
lisomap_cpu,lisomap,cpu,eval,40000,1,"{""n_landmarks"": 60, ""n_neighbors"": 10}",16,10.701940043000377,10.702074020000055,1014.265625,83.47265625,,0.74473590530645,0.9387920794462835,0.4372,0.5235600956650088,"{""usable_components"": 2, ""unreached_points"": 0}",ok,1572.92578125,5000,
lisomap_cpu,lisomap,cpu,eval,40000,2,"{""n_landmarks"": 60, ""n_neighbors"": 10}",16,10.933892160999676,10.934022422999988,1015.04296875,83.921875,,0.7442467168221487,0.9381096398836393,0.4391999999999999,0.5343825780806511,"{""usable_components"": 2, ""unreached_points"": 0}",ok,1489.0625,5000,
lisomap_cpu,lisomap,cpu,eval,50000,0,"{""n_landmarks"": 60, ""n_neighbors"": 10}",16,17.821746802000234,17.821924025000044,1094.421875,104.73828125,,0.7409492105527133,0.9326585775905306,0.37439999999999996,0.541894610627971,"{""usable_components"": 2, ""unreached_points"": 0}",ok,1464.87109375,5000,
lisomap_cpu,lisomap,cpu,eval,50000,1,"{""n_landmarks"": 60, ""n_neighbors"": 10}",16,17.85237160699944,17.85255588200016,1094.484375,104.69140625,,0.7311834165914335,0.9383656053766677,0.4464,0.421579660318672,"{""usable_components"": 2, ""unreached_points"": 0}",ok,1592.92578125,5000,
lisomap_cpu,lisomap,cpu,eval,50000,2,"{""n_landmarks"": 60, ""n_neighbors"": 10}",16,17.44973717299945,17.449882040000375,1094.4453125,104.5859375,,0.7221880068211455,0.935032986257398,0.4314,0.4670201895521631,"{""usable_components"": 2, ""unreached_points"": 0}",ok,1509.00390625,5000,
tsne_cpu,tsne,cpu,eval,5000,0,"{""late_exaggeration"": 2.0, ""perplexity"": 15}",16,12.491473269999915,12.49148930299998,517.953125,38.28515625,,0.9771667890460427,0.9666222890961982,0.9326000000000001,0.4312629773984954,,ok,1012.12890625,5000,
tsne_cpu,tsne,cpu,eval,5000,1,"{""late_exaggeration"": 2.0, ""perplexity"": 15}",16,10.296134804000758,10.29614400599894,517.359375,37.9296875,,0.9767002788644799,0.9661032801685224,0.9308,0.3643714907235605,,ok,926.94140625,5000,
tsne_cpu,tsne,cpu,eval,5000,2,"{""late_exaggeration"": 2.0, ""perplexity"": 15}",16,7.476171733000228,7.476182712998707,517.22265625,37.38671875,,0.9773134557127094,0.9663428107132109,0.9296000000000001,0.3670339096132964,,ok,1035.65625,5000,
tsne_cpu,tsne,cpu,eval,10000,0,"{""late_exaggeration"": 2.0, ""perplexity"": 15}",16,10.905361396000444,10.905374196001503,573.54296875,63.91015625,,0.9763424014444779,0.9622091323101615,0.9474,0.3698576750363617,,ok,970.12890625,5000,
tsne_cpu,tsne,cpu,eval,10000,1,"{""late_exaggeration"": 2.0, ""perplexity"": 15}",16,10.328485728001397,10.32849665699905,573.3125,63.609375,,0.9749325910321999,0.9623392396428929,0.9358000000000001,0.3599677078512864,,ok,951.66015625,5000,
tsne_cpu,tsne,cpu,eval,10000,2,"{""late_exaggeration"": 2.0, ""perplexity"": 15}",16,10.079527898000379,10.079539700000169,573.9765625,64.375,,0.9750342983248069,0.9623638278663857,0.9391999999999999,0.33429539320011703,,ok,952.0546875,5000,
tsne_cpu,tsne,cpu,eval,20000,0,"{""late_exaggeration"": 2.0, ""perplexity"": 15}",16,15.672287429999415,15.672298411000156,730.25390625,159.4609375,,0.9731402668271643,0.9603810933895075,0.9515999999999998,0.36845051288842906,,ok,1209.94140625,5000,
tsne_cpu,tsne,cpu,eval,20000,1,"{""late_exaggeration"": 2.0, ""perplexity"": 15}",16,15.66864566699951,15.66865586899985,729.1171875,158.453125,,0.9731453345370649,0.9594630755341559,0.9495999999999999,0.3342835741371707,,ok,1228.5390625,5000,
tsne_cpu,tsne,cpu,eval,20000,2,"{""late_exaggeration"": 2.0, ""perplexity"": 15}",16,15.339734281998972,15.339744841001448,729.96484375,159.44921875,,0.9729945511084361,0.9599249152372354,0.9518000000000001,0.3501716938815576,,ok,1165.546875,5000,
tsne_cpu,tsne,cpu,eval,40000,0,"{""late_exaggeration"": 2.0, ""perplexity"": 15}",16,25.116156866999518,25.116168933000154,1057.34375,366.72265625,,0.9718967479185475,0.9601684622329221,0.9635999999999999,0.33465659844611917,,ok,1303.25,5000,
tsne_cpu,tsne,cpu,eval,40000,1,"{""late_exaggeration"": 2.0, ""perplexity"": 15}",16,25.16959829500047,25.169610007998926,1057.53125,367.16015625,,0.9714302377369847,0.9579506389808407,0.9581999999999999,0.34132893766950534,,ok,1268.16796875,5000,
tsne_cpu,tsne,cpu,eval,40000,2,"{""late_exaggeration"": 2.0, ""perplexity"": 15}",16,24.850122509000357,24.850133805999576,1058.82421875,368.4140625,,0.970952749523523,0.9602268432139632,0.967,0.33687381870655114,,ok,1227.28125,5000,
tsne_cpu,tsne,cpu,eval,50000,0,"{""late_exaggeration"": 2.0, ""perplexity"": 15}",16,30.070860427000298,30.070872658001463,1188.875,439.8671875,,0.9711526371752432,0.9581282656234327,0.9626000000000001,0.3246351714654287,,ok,1516.42578125,5000,
tsne_cpu,tsne,cpu,eval,50000,1,"{""late_exaggeration"": 2.0, ""perplexity"": 15}",16,29.454371263998837,29.454383200001757,1188.87890625,439.66796875,,0.9723854950346073,0.9592436874310362,0.9650000000000001,0.34347029511896066,,ok,1422.12890625,5000,
tsne_cpu,tsne,cpu,eval,50000,2,"{""late_exaggeration"": 2.0, ""perplexity"": 15}",16,29.405945690999943,29.405959421999796,1189.87109375,440.55859375,,0.9706559735179056,0.9583958712007222,0.96,0.3308902861180524,,ok,1435.921875,5000,
umap_cpu,umap,cpu,eval,5000,0,"{""min_dist"": 0.0, ""n_neighbors"": 30}",16,9.495117110998763,9.49512709299961,750.24609375,168.87890625,,0.9606406660648009,0.9677073889056074,0.9158000000000002,0.4443045902759977,,ok,1081.24609375,5000,
umap_cpu,umap,cpu,eval,5000,1,"{""min_dist"": 0.0, ""n_neighbors"": 30}",16,9.9831579469992,9.98316656499992,751.39453125,169.0,,0.9588017614605276,0.9677705567258501,0.9162000000000001,0.32035518610895025,,ok,1099.62890625,5000,
umap_cpu,umap,cpu,eval,5000,2,"{""min_dist"": 0.0, ""n_neighbors"": 30}",16,9.221910206000757,9.221915714000716,750.828125,169.32421875,,0.960155144949343,0.9679254167920553,0.909,0.33182132947727705,,ok,1170.2734375,5000,
umap_cpu,umap,cpu,eval,10000,0,"{""min_dist"": 0.0, ""n_neighbors"": 30}",16,10.87394106300053,10.873947367001165,816.265625,204.6796875,,0.9576607322700371,0.9634986056776006,0.9298000000000002,0.3415572993367384,,ok,1264.90234375,5000,
umap_cpu,umap,cpu,eval,10000,1,"{""min_dist"": 0.0, ""n_neighbors"": 30}",16,10.902222168000662,10.902230153998971,816.60546875,204.93359375,,0.9601324385595346,0.9654774360517604,0.9276,0.38864041241882735,,ok,1121.69140625,5000,
umap_cpu,umap,cpu,eval,10000,2,"{""min_dist"": 0.0, ""n_neighbors"": 30}",16,10.848456516001534,10.848463692000223,813.4375,201.81640625,,0.957863793760658,0.9649121637074932,0.9284000000000001,0.3328633534662711,,ok,1324.07421875,5000,
umap_cpu,umap,cpu,eval,20000,0,"{""min_dist"": 0.0, ""n_neighbors"": 30}",16,11.112146419000055,11.112154180998914,1013.0234375,342.17578125,,0.9574527595546193,0.9630705667569466,0.9478,0.3773414081862886,,ok,1334.90234375,5000,
umap_cpu,umap,cpu,eval,20000,1,"{""min_dist"": 0.0, ""n_neighbors"": 30}",16,10.62868378299936,10.628691269999763,1013.5078125,341.61328125,,0.9567179295817033,0.9603084923262113,0.9442,0.3210172852342632,,ok,1301.41015625,5000,
umap_cpu,umap,cpu,eval,20000,2,"{""min_dist"": 0.0, ""n_neighbors"": 30}",16,10.706072645998574,10.70608032400014,1010.84765625,340.94140625,,0.954473568060989,0.9611250797472164,0.9494,0.363589734712644,,ok,1357.69921875,5000,
umap_cpu,umap,cpu,eval,40000,0,"{""min_dist"": 0.0, ""n_neighbors"": 30}",16,15.066775029999917,15.06678538900087,1433.265625,642.62109375,,0.9564706550305948,0.9605850295917344,0.9642,0.3283423489680817,,ok,1551.88671875,5000,
umap_cpu,umap,cpu,eval,40000,1,"{""min_dist"": 0.0, ""n_neighbors"": 30}",16,13.547794961999898,13.547805447000428,1434.58984375,644.3671875,,0.9558639662955161,0.9580753656334637,0.9559999999999998,0.3271133257792154,,ok,1485.87109375,5000,
umap_cpu,umap,cpu,eval,40000,2,"{""min_dist"": 0.0, ""n_neighbors"": 30}",16,13.606428417999268,13.606437621001533,1434.64453125,643.2578125,,0.9575431718326813,0.960421025178052,0.9591999999999998,0.3197549897422533,,ok,1551.25390625,5000,
umap_cpu,umap,cpu,eval,50000,0,"{""min_dist"": 0.0, ""n_neighbors"": 30}",16,15.52092636999987,15.520935320999342,1641.546875,790.31640625,,0.9538628307754038,0.9583277078944729,0.9592,0.30272324145466994,,ok,1652.765625,5000,
umap_cpu,umap,cpu,eval,50000,1,"{""min_dist"": 0.0, ""n_neighbors"": 30}",16,15.838452874000723,15.838462446999984,1640.76171875,788.34765625,,0.9560167840304945,0.9594517403952252,0.9623999999999999,0.3224031888684907,,ok,1654.66796875,5000,
umap_cpu,umap,cpu,eval,50000,2,"{""min_dist"": 0.0, ""n_neighbors"": 30}",16,15.628324575000079,15.628332357000545,1641.22265625,790.64453125,,0.9547226762965192,0.9603017273547999,0.9585999999999999,0.3136156589411128,,ok,1654.11328125,5000,
lvm_cpu,lvm,cpu,eval,5000,0,"{""cells"": {""n_cells"": 300}, ""embedding"": {""landmark_mds"": {""missing"": ""chain""}, ""strategy"": ""landmark_mds""}, ""landmarks"": {""count"": {""dimension"": {""multiplier"": 1.0}, ""strategy"": ""dimension""}, ""strategy"": ""mutual_information""}, ""scaling"": {""reach"": {""k"": null, ""quantile"": 0.1}, ""strategy"": ""reach""}}",16,3.217183152999496,3.3060471979988506,1394.2109375,0.0,,0.9726238539472364,0.9465347898485305,0.8785999999999999,0.4287140460213264,"{""stages"": {""sample"": 0.019374948999029584, ""dimension"": 0.3956290830101352, ""cells"": 0.24247083699447103, ""masses"": 0.0811075730016455, ""graph"": 0.07179951699799858, ""scaling"": 2.399903251993237, ""voltages"": 0.005785425004432909, ""landmarks"": 9.862007573246956e-06, ""embedding"": 0.0010856939916266128}, ""rho_g"": 0.008292502770175191, ""reach"": 13.0, ""rho_rounds"": 1, ""n_landmarks"": 13, ""dimension"": 11.688945405439663}",ok,1463.7578125,5000,mnist
lvm_cpu,lvm,cpu,eval,5000,1,"{""cells"": {""n_cells"": 300}, ""embedding"": {""landmark_mds"": {""missing"": ""chain""}, ""strategy"": ""landmark_mds""}, ""landmarks"": {""count"": {""dimension"": {""multiplier"": 1.0}, ""strategy"": ""dimension""}, ""strategy"": ""mutual_information""}, ""scaling"": {""reach"": {""k"": null, ""quantile"": 0.1}, ""strategy"": ""reach""}}",16,12.774396484994213,12.884299550001742,1395.55859375,0.0,,0.9723581743404555,0.9431739993981342,0.8756,0.3929957511417644,"{""stages"": {""sample"": 0.04669688700232655, ""dimension"": 0.4350304679974215, ""cells"": 0.6419902619963977, ""masses"": 0.057236799999373034, ""graph"": 0.06841979200544301, ""scaling"": 11.517332178002107, ""voltages"": 0.006499903989606537, ""landmarks"": 1.1531010386534035e-05, ""embedding"": 0.0011610450019361451}, ""rho_g"": 0.006973135852921816, ""reach"": 13.0, ""rho_rounds"": 5, ""n_landmarks"": 13, ""dimension"": 11.81143691054522}",ok,1572.41015625,5000,mnist
lvm_cpu,lvm,cpu,eval,5000,2,"{""cells"": {""n_cells"": 300}, ""embedding"": {""landmark_mds"": {""missing"": ""chain""}, ""strategy"": ""landmark_mds""}, ""landmarks"": {""count"": {""dimension"": {""multiplier"": 1.0}, ""strategy"": ""dimension""}, ""strategy"": ""mutual_information""}, ""scaling"": {""reach"": {""k"": null, ""quantile"": 0.1}, ""strategy"": ""reach""}}",16,3.3964171249972424,3.510256166002364,1395.19921875,0.0,,0.9694661771491624,0.943699002909018,0.8665999999999998,0.41793773969765,"{""stages"": {""sample"": 0.012110979994758964, ""dimension"": 0.5795420310023474, ""cells"": 0.2194074190047104, ""masses"": 0.048759323995909654, ""graph"": 0.07536089699715376, ""scaling"": 2.45340221200604, ""voltages"": 0.00667921599233523, ""landmarks"": 1.1081996490247548e-05, ""embedding"": 0.0011263200140092522}, ""rho_g"": 0.007604258568536588, ""reach"": 13.0, ""rho_rounds"": 1, ""n_landmarks"": 13, ""dimension"": 11.79215271326358}",ok,1409.796875,5000,mnist
lvm_pca_cpu,lvm_pca,cpu,eval,5000,0,"{""cells"": {""n_cells"": 300}, ""embedding"": {""landmark_mds"": {""missing"": ""chain""}, ""local_scale"": {""pca"": {""fill"": 0.6}, ""strategy"": ""pca""}, ""strategy"": ""landmark_mds""}, ""landmarks"": {""count"": {""dimension"": {""multiplier"": 1.0}, ""strategy"": ""dimension""}, ""strategy"": ""mutual_information""}, ""scaling"": {""reach"": {""k"": null, ""quantile"": 0.1}, ""strategy"": ""reach""}}",16,4.222136602998944,4.41588418999163,1433.328125,89.58984375,,0.914469250677099,0.947505005517103,0.8276,0.4290878643601307,"{""stages"": {""sample"": 0.010519105999264866, ""dimension"": 0.39667000601184554, ""cells"": 0.5817789180000545, ""masses"": 0.047878040990326554, ""graph"": 0.05669375001161825, ""scaling"": 2.4240110799873946, ""voltages"": 0.006708245011395775, ""landmarks"": 1.0962001397274435e-05, ""embedding"": 0.00117666699225083, ""local_scale"": 0.6966838410007767}, ""rho_g"": 0.008292502770175191, ""reach"": 13.0, ""rho_rounds"": 1, ""n_landmarks"": 13, ""dimension"": 11.688945405439663}",ok,1481.69140625,5000,mnist
lvm_pca_cpu,lvm_pca,cpu,eval,5000,1,"{""cells"": {""n_cells"": 300}, ""embedding"": {""landmark_mds"": {""missing"": ""chain""}, ""local_scale"": {""pca"": {""fill"": 0.6}, ""strategy"": ""pca""}, ""strategy"": ""landmark_mds""}, ""landmarks"": {""count"": {""dimension"": {""multiplier"": 1.0}, ""strategy"": ""dimension""}, ""strategy"": ""mutual_information""}, ""scaling"": {""reach"": {""k"": null, ""quantile"": 0.1}, ""strategy"": ""reach""}}",16,12.439425535994815,12.580480653006816,1442.26953125,46.80078125,,0.9148152111545792,0.9446234767780118,0.8103999999999999,0.3913061112964219,"{""stages"": {""sample"": 0.02303942499565892, ""dimension"": 0.5553409160056617, ""cells"": 0.265876343997661, ""masses"": 0.04851348300871905, ""graph"": 0.03142025299894158, ""scaling"": 10.868275745990104, ""voltages"": 0.006466783001087606, ""landmarks"": 1.1096009984612465e-05, ""embedding"": 0.0011819119972642511, ""local_scale"": 0.6392928419954842}, ""rho_g"": 0.006973135852921816, ""reach"": 13.0, ""rho_rounds"": 5, ""n_landmarks"": 13, ""dimension"": 11.81143691054522}",ok,1480.81640625,5000,mnist
lvm_pca_cpu,lvm_pca,cpu,eval,5000,2,"{""cells"": {""n_cells"": 300}, ""embedding"": {""landmark_mds"": {""missing"": ""chain""}, ""local_scale"": {""pca"": {""fill"": 0.6}, ""strategy"": ""pca""}, ""strategy"": ""landmark_mds""}, ""landmarks"": {""count"": {""dimension"": {""multiplier"": 1.0}, ""strategy"": ""dimension""}, ""strategy"": ""mutual_information""}, ""scaling"": {""reach"": {""k"": null, ""quantile"": 0.1}, ""strategy"": ""reach""}}",16,4.166939520990127,4.355834909991245,1442.296875,46.85546875,,0.9163449653927174,0.9454690741298024,0.8188000000000001,0.42006944511079186,"{""stages"": {""sample"": 0.011664892997941934, ""dimension"": 0.37357905200042296, ""cells"": 0.22531347500625998, ""masses"": 0.043961659001070075, ""graph"": 0.054192201991099864, ""scaling"": 2.6146666660060873, ""voltages"": 0.015543804998742417, ""landmarks"": 1.6916004824452102e-05, ""embedding"": 0.001266808991204016, ""local_scale"": 0.826728166997782}, ""rho_g"": 0.007604258568536588, ""reach"": 13.0, ""rho_rounds"": 1, ""n_landmarks"": 13, ""dimension"": 11.79215271326358}",ok,1596.76953125,5000,mnist
lvm_cpu,lvm,cpu,eval,10000,0,"{""cells"": {""n_cells"": 300}, ""embedding"": {""landmark_mds"": {""missing"": ""chain""}, ""strategy"": ""landmark_mds""}, ""landmarks"": {""count"": {""dimension"": {""multiplier"": 1.0}, ""strategy"": ""dimension""}, ""strategy"": ""mutual_information""}, ""scaling"": {""reach"": {""k"": null, ""quantile"": 0.1}, ""strategy"": ""reach""}}",16,4.802774001000216,5.011787641997216,1448.28515625,23.203125,,0.9731459404152873,0.9425147597552412,0.8814,0.3618157448270577,"{""stages"": {""sample"": 0.026888565000263043, ""dimension"": 1.1495445489999838, ""cells"": 0.9586416940001072, ""masses"": 0.0888508899952285, ""graph"": 0.0499095999985002, ""scaling"": 2.5143413949990645, ""voltages"": 0.012859246009611525, ""landmarks"": 1.4338991604745388e-05, ""embedding"": 0.001706761002424173}, ""rho_g"": 0.007604258568536588, ""reach"": 14.0, ""rho_rounds"": 1, ""n_landmarks"": 14, ""dimension"": 12.208662786772974}",ok,1489.9375,5000,mnist
lvm_cpu,lvm,cpu,eval,10000,1,"{""cells"": {""n_cells"": 300}, ""embedding"": {""landmark_mds"": {""missing"": ""chain""}, ""strategy"": ""landmark_mds""}, ""landmarks"": {""count"": {""dimension"": {""multiplier"": 1.0}, ""strategy"": ""dimension""}, ""strategy"": ""mutual_information""}, ""scaling"": {""reach"": {""k"": null, ""quantile"": 0.1}, ""strategy"": ""reach""}}",16,7.12231380699086,7.2881821829942055,1471.90625,46.00390625,,0.9728382505767881,0.9456416892366336,0.8812,0.4574100936463058,"{""stages"": {""sample"": 0.07640097399416845, ""dimension"": 1.2070372070011217, ""cells"": 0.9101269719976699, ""masses"": 0.08612005499890074, ""graph"": 0.06952906001242809, ""scaling"": 4.758652197997435, ""voltages"": 0.012564998993184417, ""landmarks"": 1.8628008547239006e-05, ""embedding"": 0.0018464960012352094}, ""rho_g"": 0.0066774977695147775, ""reach"": 14.0, ""rho_rounds"": 2, ""n_landmarks"": 14, ""dimension"": 12.275623282269523}",ok,1473.2265625,5000,mnist
lvm_cpu,lvm,cpu,eval,10000,2,"{""cells"": {""n_cells"": 300}, ""embedding"": {""landmark_mds"": {""missing"": ""chain""}, ""strategy"": ""landmark_mds""}, ""landmarks"": {""count"": {""dimension"": {""multiplier"": 1.0}, ""strategy"": ""dimension""}, ""strategy"": ""mutual_information""}, ""scaling"": {""reach"": {""k"": null, ""quantile"": 0.1}, ""strategy"": ""reach""}}",16,4.969021405995591,5.1675838020019,1448.421875,22.92578125,,0.9729446002608085,0.9375596950546695,0.8783999999999998,0.3375464022043987,"{""stages"": {""sample"": 0.03367080300813541, ""dimension"": 1.3130743709916715, ""cells"": 0.9445135819987627, ""masses"": 0.10224042300251313, ""graph"": 0.07969836200936697, ""scaling"": 2.468695060990285, ""voltages"": 0.02531888399971649, ""landmarks"": 1.7683007172308862e-05, ""embedding"": 0.0017721409967634827}, ""rho_g"": 0.008292502770175191, ""reach"": 14.0, ""rho_rounds"": 1, ""n_landmarks"": 14, ""dimension"": 12.272133356519879}",ok,1516.00390625,5000,mnist
lvm_pca_cpu,lvm_pca,cpu,eval,10000,0,"{""cells"": {""n_cells"": 300}, ""embedding"": {""landmark_mds"": {""missing"": ""chain""}, ""local_scale"": {""pca"": {""fill"": 0.6}, ""strategy"": ""pca""}, ""strategy"": ""landmark_mds""}, ""landmarks"": {""count"": {""dimension"": {""multiplier"": 1.0}, ""strategy"": ""dimension""}, ""strategy"": ""mutual_information""}, ""scaling"": {""reach"": {""k"": null, ""quantile"": 0.1}, ""strategy"": ""reach""}}",16,5.847101823994308,6.126366469994537,1458.28515625,33.64453125,,0.914997841308055,0.9434236011636071,0.827,0.36296144319637613,"{""stages"": {""sample"": 0.024619912001071498, ""dimension"": 1.295904693994089, ""cells"": 0.8901829639944481, ""masses"": 0.06950299600430299, ""graph"": 0.05294184299418703, ""scaling"": 2.6720766860089498, ""voltages"": 0.006535268999869004, ""landmarks"": 1.1149997590109706e-05, ""embedding"": 0.0014102730056038126, ""local_scale"": 0.8339093799877446}, ""rho_g"": 0.007604258568536588, ""reach"": 14.0, ""rho_rounds"": 1, ""n_landmarks"": 14, ""dimension"": 12.208662786772974}",ok,1644.03125,5000,mnist
lvm_pca_cpu,lvm_pca,cpu,eval,10000,1,"{""cells"": {""n_cells"": 300}, ""embedding"": {""landmark_mds"": {""missing"": ""chain""}, ""local_scale"": {""pca"": {""fill"": 0.6}, ""strategy"": ""pca""}, ""strategy"": ""landmark_mds""}, ""landmarks"": {""count"": {""dimension"": {""multiplier"": 1.0}, ""strategy"": ""dimension""}, ""strategy"": ""mutual_information""}, ""scaling"": {""reach"": {""k"": null, ""quantile"": 0.1}, ""strategy"": ""reach""}}",16,8.533603446005145,8.795820141996955,1459.41796875,33.60546875,,0.9193450857658743,0.9461214364530043,0.8234,0.4603822812208452,"{""stages"": {""sample"": 0.05837121499644127, ""dimension"": 1.1613934880006127, ""cells"": 0.7469714719918557, ""masses"": 0.09568182899965905, ""graph"": 0.05165762700198684, ""scaling"": 5.531429754002602, ""voltages"": 0.04946656800166238, ""landmarks"": 1.8983002519235015e-05, ""embedding"": 0.0013441299961414188, ""local_scale"": 0.8372620800073491}, ""rho_g"": 0.0066774977695147775, ""reach"": 14.0, ""rho_rounds"": 2, ""n_landmarks"": 14, ""dimension"": 12.275623282269523}",ok,1684.76171875,5000,mnist
lvm_pca_cpu,lvm_pca,cpu,eval,10000,2,"{""cells"": {""n_cells"": 300}, ""embedding"": {""landmark_mds"": {""missing"": ""chain""}, ""local_scale"": {""pca"": {""fill"": 0.6}, ""strategy"": ""pca""}, ""strategy"": ""landmark_mds""}, ""landmarks"": {""count"": {""dimension"": {""multiplier"": 1.0}, ""strategy"": ""dimension""}, ""strategy"": ""mutual_information""}, ""scaling"": {""reach"": {""k"": null, ""quantile"": 0.1}, ""strategy"": ""reach""}}",16,7.013674625006388,7.328424699997413,1459.171875,33.64453125,,0.9086537345771892,0.9385635670578795,0.8084,0.339191865032338,"{""stages"": {""sample"": 0.03296035098901484, ""dimension"": 1.1527004460076569, ""cells"": 1.0791163179965224, ""masses"": 0.1100638119969517, ""graph"": 0.047075785012566485, ""scaling"": 2.712921850994462, ""voltages"": 0.01053706300444901, ""landmarks"": 1.6368998331017792e-05, ""embedding"": 0.0013846459914930165, ""local_scale"": 1.8668912770081079}, ""rho_g"": 0.008292502770175191, ""reach"": 14.0, ""rho_rounds"": 1, ""n_landmarks"": 14, ""dimension"": 12.272133356519879}",ok,1577.10546875,5000,mnist
lvm_cpu,lvm,cpu,eval,20000,0,"{""cells"": {""n_cells"": 300}, ""embedding"": {""landmark_mds"": {""missing"": ""chain""}, ""strategy"": ""landmark_mds""}, ""landmarks"": {""count"": {""dimension"": {""multiplier"": 1.0}, ""strategy"": ""dimension""}, ""strategy"": ""mutual_information""}, ""scaling"": {""reach"": {""k"": null, ""quantile"": 0.1}, ""strategy"": ""reach""}}",16,8.111125526003889,8.424017165991245,1617.78515625,132.69140625,,0.9708058421105427,0.938771459524526,0.8882000000000001,0.3543724707838036,"{""stages"": {""sample"": 0.05612494899833109, ""dimension"": 1.207792278000852, ""cells"": 1.6014832660002867, ""masses"": 0.1540740609925706, ""graph"": 0.0475838290003594, ""scaling"": 5.035990164004033, ""voltages"": 0.006473325003753416, ""landmarks"": 1.1048992746509612e-05, ""embedding"": 0.0015714589972048998}, ""rho_g"": 0.005615083937249651, ""reach"": 14.0, ""rho_rounds"": 2, ""n_landmarks"": 14, ""dimension"": 12.262658270352645}",ok,1623.6875,5000,mnist
lvm_cpu,lvm,cpu,eval,20000,1,"{""cells"": {""n_cells"": 300}, ""embedding"": {""landmark_mds"": {""missing"": ""chain""}, ""strategy"": ""landmark_mds""}, ""landmarks"": {""count"": {""dimension"": {""multiplier"": 1.0}, ""strategy"": ""dimension""}, ""strategy"": ""mutual_information""}, ""scaling"": {""reach"": {""k"": null, ""quantile"": 0.1}, ""strategy"": ""reach""}}",16,8.033373069993104,8.36626317599439,1617.82421875,132.44140625,,0.9711938529441267,0.9413937767077941,0.8842000000000001,0.424834415960627,"{""stages"": {""sample"": 0.10942437700578012, ""dimension"": 1.1357838359981542, ""cells"": 1.537238011995214, ""masses"": 0.14658201900601853, ""graph"": 0.07597281500056852, ""scaling"": 5.017965074002859, ""voltages"": 0.008636382990516722, ""landmarks"": 1.254800008609891e-05, ""embedding"": 0.00174046000756789}, ""rho_g"": 0.0066774977695147775, ""reach"": 14.0, ""rho_rounds"": 2, ""n_landmarks"": 14, ""dimension"": 12.256053777015811}",ok,1661.73046875,5000,mnist
lvm_cpu,lvm,cpu,eval,20000,2,"{""cells"": {""n_cells"": 300}, ""embedding"": {""landmark_mds"": {""missing"": ""chain""}, ""strategy"": ""landmark_mds""}, ""landmarks"": {""count"": {""dimension"": {""multiplier"": 1.0}, ""strategy"": ""dimension""}, ""strategy"": ""mutual_information""}, ""scaling"": {""reach"": {""k"": null, ""quantile"": 0.1}, ""strategy"": ""reach""}}",16,8.010830649000127,8.353140895007527,1547.08984375,113.0078125,,0.9729970107332732,0.9410889597753034,0.8868,0.3891765003551868,"{""stages"": {""sample"": 0.05375389401160646, ""dimension"": 1.201310257994919, ""cells"": 1.5744265609973809, ""masses"": 0.1630621000076644, ""graph"": 0.07362241699593142, ""scaling"": 4.936562540999148, ""voltages"": 0.006833385996287689, ""landmarks"": 1.2417003745213151e-05, ""embedding"": 0.001229642002726905}, ""rho_g"": 0.0061232924531352245, ""reach"": 14.0, ""rho_rounds"": 2, ""n_landmarks"": 14, ""dimension"": 12.270171997724054}",ok,1652.38671875,5000,mnist
lvm_pca_cpu,lvm_pca,cpu,eval,20000,0,"{""cells"": {""n_cells"": 300}, ""embedding"": {""landmark_mds"": {""missing"": ""chain""}, ""local_scale"": {""pca"": {""fill"": 0.6}, ""strategy"": ""pca""}, ""strategy"": ""landmark_mds""}, ""landmarks"": {""count"": {""dimension"": {""multiplier"": 1.0}, ""strategy"": ""dimension""}, ""strategy"": ""mutual_information""}, ""scaling"": {""reach"": {""k"": null, ""quantile"": 0.1}, ""strategy"": ""reach""}}",16,9.335978071001591,9.824148149011307,1652.01953125,166.30078125,,0.9073600682114555,0.9396027766074831,0.807,0.3551227213311408,"{""stages"": {""sample"": 0.04783742000290658, ""dimension"": 1.2068919320008717, ""cells"": 1.6714711929962505, ""masses"": 0.1939744520059321, ""graph"": 0.06889068899909034, ""scaling"": 5.078397442994174, ""voltages"": 0.0442862860072637, ""landmarks"": 1.7099999240599573e-05, ""embedding"": 0.0015629319968866184, ""local_scale"": 1.0226429159956751}, ""rho_g"": 0.005615083937249651, ""reach"": 14.0, ""rho_rounds"": 2, ""n_landmarks"": 14, ""dimension"": 12.262658270352645}",ok,1687.578125,5000,mnist
lvm_pca_cpu,lvm_pca,cpu,eval,20000,1,"{""cells"": {""n_cells"": 300}, ""embedding"": {""landmark_mds"": {""missing"": ""chain""}, ""local_scale"": {""pca"": {""fill"": 0.6}, ""strategy"": ""pca""}, ""strategy"": ""landmark_mds""}, ""landmarks"": {""count"": {""dimension"": {""multiplier"": 1.0}, ""strategy"": ""dimension""}, ""strategy"": ""mutual_information""}, ""scaling"": {""reach"": {""k"": null, ""quantile"": 0.1}, ""strategy"": ""reach""}}",16,9.1736369930004,9.73295457700442,1651.38671875,165.890625,,0.914119699067108,0.9421268933694453,0.8169999999999998,0.42625518247540795,"{""stages"": {""sample"": 0.08515427500242367, ""dimension"": 1.2990196890023071, ""cells"": 1.5437969399936264, ""masses"": 0.15690321300644428, ""graph"": 0.0515660899982322, ""scaling"": 5.032635028997902, ""voltages"": 0.012238638999406248, ""landmarks"": 1.5072000678628683e-05, ""embedding"": 0.00173223800084088, ""local_scale"": 0.9905686989950482}, ""rho_g"": 0.0066774977695147775, ""reach"": 14.0, ""rho_rounds"": 2, ""n_landmarks"": 14, ""dimension"": 12.256053777015811}",ok,1686.8515625,5000,mnist
lvm_pca_cpu,lvm_pca,cpu,eval,20000,2,"{""cells"": {""n_cells"": 300}, ""embedding"": {""landmark_mds"": {""missing"": ""chain""}, ""local_scale"": {""pca"": {""fill"": 0.6}, ""strategy"": ""pca""}, ""strategy"": ""landmark_mds""}, ""landmarks"": {""count"": {""dimension"": {""multiplier"": 1.0}, ""strategy"": ""dimension""}, ""strategy"": ""mutual_information""}, ""scaling"": {""reach"": {""k"": null, ""quantile"": 0.1}, ""strategy"": ""reach""}}",16,9.268816890995367,9.965789764988585,1651.53125,166.40234375,,0.9089462533854951,0.9418141358210452,0.8078000000000001,0.38997408703746567,"{""stages"": {""sample"": 0.09522735200880561, ""dimension"": 1.103055535000749, ""cells"": 1.741075527999783, ""masses"": 0.17749534400354605, ""graph"": 0.0729535290010972, ""scaling"": 5.063960846993723, ""voltages"": 0.009989120997488499, ""landmarks"": 1.3172000763006508e-05, ""embedding"": 0.0013374289992498234, ""local_scale"": 1.0037021180032752}, ""rho_g"": 0.0061232924531352245, ""reach"": 14.0, ""rho_rounds"": 2, ""n_landmarks"": 14, ""dimension"": 12.270171997724054}",ok,1861.38671875,5000,mnist
lvm_cpu,lvm,cpu,eval,40000,0,"{""cells"": {""n_cells"": 300}, ""embedding"": {""landmark_mds"": {""missing"": ""chain""}, ""strategy"": ""landmark_mds""}, ""landmarks"": {""count"": {""dimension"": {""multiplier"": 1.0}, ""strategy"": ""dimension""}, ""strategy"": ""mutual_information""}, ""scaling"": {""reach"": {""k"": null, ""quantile"": 0.1}, ""strategy"": ""reach""}}",16,9.839405373000773,10.431742628003121,1797.75390625,192.5390625,,0.9692682435550206,0.9417985354599258,0.8984,0.32975158745884736,"{""stages"": {""sample"": 0.15274615099770017, ""dimension"": 1.1027039579930715, ""cells"": 3.3343433850095607, ""masses"": 0.25278173699916806, ""graph"": 0.044328436997602694, ""scaling"": 4.944717140999273, ""voltages"": 0.006484031997388229, ""landmarks"": 1.1424999684095383e-05, ""embedding"": 0.0012729659938486293}, ""rho_g"": 0.007940927857921774, ""reach"": 14.0, ""rho_rounds"": 2, ""n_landmarks"": 14, ""dimension"": 12.298185515184834}",ok,1796.55078125,5000,mnist
lvm_cpu,lvm,cpu,eval,40000,1,"{""cells"": {""n_cells"": 300}, ""embedding"": {""landmark_mds"": {""missing"": ""chain""}, ""strategy"": ""landmark_mds""}, ""landmarks"": {""count"": {""dimension"": {""multiplier"": 1.0}, ""strategy"": ""dimension""}, ""strategy"": ""mutual_information""}, ""scaling"": {""reach"": {""k"": null, ""quantile"": 0.1}, ""strategy"": ""reach""}}",16,10.029854767999495,10.595353799013537,1797.8203125,192.453125,,0.9715108195405758,0.9369431276958572,0.8996000000000001,0.32319503208473543,"{""stages"": {""sample"": 0.1717542030091863, ""dimension"": 1.1351129690010566, ""cells"": 3.4205403069936438, ""masses"": 0.26051171000290196, ""graph"": 0.04384749699966051, ""scaling"": 4.990250824004761, ""voltages"": 0.006507678990601562, ""landmarks"": 1.1110008927062154e-05, ""embedding"": 0.0013024509971728548}, ""rho_g"": 0.005615083937249651, ""reach"": 14.0, ""rho_rounds"": 2, ""n_landmarks"": 14, ""dimension"": 12.282618314814195}",ok,1892.953125,5000,mnist
lvm_cpu,lvm,cpu,eval,40000,2,"{""cells"": {""n_cells"": 300}, ""embedding"": {""landmark_mds"": {""missing"": ""chain""}, ""strategy"": ""landmark_mds""}, ""landmarks"": {""count"": {""dimension"": {""multiplier"": 1.0}, ""strategy"": ""dimension""}, ""strategy"": ""mutual_information""}, ""scaling"": {""reach"": {""k"": null, ""quantile"": 0.1}, ""strategy"": ""reach""}}",16,10.478060848006862,11.113254378011334,1797.375,192.19140625,,0.97141974922259,0.9443081191694253,0.8987999999999999,0.35749936286933487,"{""stages"": {""sample"": 0.18325411100522615, ""dimension"": 1.1218636429985054, ""cells"": 3.9303369150002254, ""masses"": 0.2573058980051428, ""graph"": 0.0558458229934331, ""scaling"": 4.921202679004637, ""voltages"": 0.00692209399130661, ""landmarks"": 1.1304000508971512e-05, ""embedding"": 0.0013012160052312538}, ""rho_g"": 0.0051490546733915345, ""reach"": 14.0, ""rho_rounds"": 2, ""n_landmarks"": 14, ""dimension"": 12.268659247597093}",ok,1903.5234375,5000,mnist
lvm_pca_cpu,lvm_pca,cpu,eval,40000,0,"{""cells"": {""n_cells"": 300}, ""embedding"": {""landmark_mds"": {""missing"": ""chain""}, ""local_scale"": {""pca"": {""fill"": 0.6}, ""strategy"": ""pca""}, ""strategy"": ""landmark_mds""}, ""landmarks"": {""count"": {""dimension"": {""multiplier"": 1.0}, ""strategy"": ""dimension""}, ""strategy"": ""mutual_information""}, ""scaling"": {""reach"": {""k"": null, ""quantile"": 0.1}, ""strategy"": ""reach""}}",16,11.739277918008156,12.808454408994294,2069.43359375,464.625,,0.9146922860868693,0.9420750205637476,0.8091999999999999,0.33096308341456193,"{""stages"": {""sample"": 0.17610148900712375, ""dimension"": 1.1566625939885853, ""cells"": 3.4627636630029883, ""masses"": 0.2933187650050968, ""graph"": 0.05158019300142769, ""scaling"": 5.114732664995245, ""voltages"": 0.00673968400224112, ""landmarks"": 1.3465993106365204e-05, ""embedding"": 0.0014417390048038214, ""local_scale"": 1.4759169699973427}, ""rho_g"": 0.007940927857921774, ""reach"": 14.0, ""rho_rounds"": 2, ""n_landmarks"": 14, ""dimension"": 12.298185515184834}",ok,2097.98046875,5000,mnist
lvm_pca_cpu,lvm_pca,cpu,eval,40000,1,"{""cells"": {""n_cells"": 300}, ""embedding"": {""landmark_mds"": {""missing"": ""chain""}, ""local_scale"": {""pca"": {""fill"": 0.6}, ""strategy"": ""pca""}, ""strategy"": ""landmark_mds""}, ""landmarks"": {""count"": {""dimension"": {""multiplier"": 1.0}, ""strategy"": ""dimension""}, ""strategy"": ""mutual_information""}, ""scaling"": {""reach"": {""k"": null, ""quantile"": 0.1}, ""strategy"": ""reach""}}",16,11.695002444001148,12.857154815996182,2069.87109375,465.03125,,0.9068222770588825,0.9372593198916641,0.8047999999999998,0.32420390815147626,"{""stages"": {""sample"": 0.1738431080011651, ""dimension"": 1.120160983002279, ""cells"": 3.415226896002423, ""masses"": 0.3186846429889556, ""graph"": 0.07211209100205451, ""scaling"": 5.071707559007336, ""voltages"": 0.006442593003157526, ""landmarks"": 1.109899312723428e-05, ""embedding"": 0.0012437389959814027, ""local_scale"": 1.515563207998639}, ""rho_g"": 0.005615083937249651, ""reach"": 14.0, ""rho_rounds"": 2, ""n_landmarks"": 14, ""dimension"": 12.282618314814195}",ok,2068.21484375,5000,mnist
lvm_pca_cpu,lvm_pca,cpu,eval,40000,2,"{""cells"": {""n_cells"": 300}, ""embedding"": {""landmark_mds"": {""missing"": ""chain""}, ""local_scale"": {""pca"": {""fill"": 0.6}, ""strategy"": ""pca""}, ""strategy"": ""landmark_mds""}, ""landmarks"": {""count"": {""dimension"": {""multiplier"": 1.0}, ""strategy"": ""dimension""}, ""strategy"": ""mutual_information""}, ""scaling"": {""reach"": {""k"": null, ""quantile"": 0.1}, ""strategy"": ""reach""}}",16,11.71796894200088,12.799909648994799,2069.5703125,464.12890625,,0.9077510402246965,0.9446932771591935,0.8231999999999999,0.3579829430785533,"{""stages"": {""sample"": 0.17383436900854576, ""dimension"": 1.1420932170003653, ""cells"": 3.3669740009936504, ""masses"": 0.3057921800063923, ""graph"": 0.061392096991767175, ""scaling"": 5.054778992998763, ""voltages"": 0.0067102989996783435, ""landmarks"": 1.1993004591204226e-05, ""embedding"": 0.0012376590020721778, ""local_scale"": 1.6051375879906118}, ""rho_g"": 0.0051490546733915345, ""reach"": 14.0, ""rho_rounds"": 2, ""n_landmarks"": 14, ""dimension"": 12.268659247597093}",ok,2115.875,5000,mnist
lvm_cpu,lvm,cpu,eval,50000,0,"{""cells"": {""n_cells"": 300}, ""embedding"": {""landmark_mds"": {""missing"": ""chain""}, ""strategy"": ""landmark_mds""}, ""landmarks"": {""count"": {""dimension"": {""multiplier"": 1.0}, ""strategy"": ""dimension""}, ""strategy"": ""mutual_information""}, ""scaling"": {""reach"": {""k"": null, ""quantile"": 0.1}, ""strategy"": ""reach""}}",16,10.205047823008499,11.023270823003259,1886.87109375,222.51953125,,0.9733758370949945,0.9420393058481292,0.9012,0.2510071355419177,"{""stages"": {""sample"": 0.15805331199953798, ""dimension"": 1.3194437089987332, ""cells"": 4.885162902006414, ""masses"": 0.43017415699432604, ""graph"": 0.08385668499977328, ""scaling"": 3.314588377994369, ""voltages"": 0.012034425002639182, ""landmarks"": 1.5028999769128859e-05, ""embedding"": 0.0017012140015140176}, ""rho_g"": 0.005384998978746618, ""reach"": 14.0, ""rho_rounds"": 1, ""n_landmarks"": 14, ""dimension"": 12.305518259758474}",ok,1888.01953125,5000,mnist
lvm_cpu,lvm,cpu,eval,50000,1,"{""cells"": {""n_cells"": 300}, ""embedding"": {""landmark_mds"": {""missing"": ""chain""}, ""strategy"": ""landmark_mds""}, ""landmarks"": {""count"": {""dimension"": {""multiplier"": 1.0}, ""strategy"": ""dimension""}, ""strategy"": ""mutual_information""}, ""scaling"": {""reach"": {""k"": null, ""quantile"": 0.1}, ""strategy"": ""reach""}}",16,11.437170773002435,12.170851586008212,1887.12890625,222.1640625,,0.9721885204132812,0.9456454167920554,0.9067999999999999,0.4031853724210145,"{""stages"": {""sample"": 0.1867834029981168, ""dimension"": 1.1299650720029604, ""cells"": 4.434416709991638, ""masses"": 0.3247870050108759, ""graph"": 0.04562235598859843, ""scaling"": 5.307773963009822, ""voltages"": 0.006582280999282375, ""landmarks"": 1.1237003491260111e-05, ""embedding"": 0.0012129909882787615}, ""rho_g"": 0.0051490546733915345, ""reach"": 14.0, ""rho_rounds"": 2, ""n_landmarks"": 14, ""dimension"": 12.237066194673853}",ok,1961.48828125,5000,mnist
lvm_cpu,lvm,cpu,eval,50000,2,"{""cells"": {""n_cells"": 300}, ""embedding"": {""landmark_mds"": {""missing"": ""chain""}, ""strategy"": ""landmark_mds""}, ""landmarks"": {""count"": {""dimension"": {""multiplier"": 1.0}, ""strategy"": ""dimension""}, ""strategy"": ""mutual_information""}, ""scaling"": {""reach"": {""k"": null, ""quantile"": 0.1}, ""strategy"": ""reach""}}",16,11.01775127199653,11.794532572996104,1887.37890625,222.09375,,0.9728452723442672,0.9459571752432541,0.9024000000000001,0.38932961310238445,"{""stages"": {""sample"": 0.18720071999996435, ""dimension"": 1.0716175260022283, ""cells"": 4.227307210006984, ""masses"": 0.3462115899892524, ""graph"": 0.04484218600555323, ""scaling"": 5.13281552499393, ""voltages"": 0.0064758640073705465, ""landmarks"": 1.1102994903922081e-05, ""embedding"": 0.0012510789965745062}, ""rho_g"": 0.005863684941799108, ""reach"": 14.0, ""rho_rounds"": 2, ""n_landmarks"": 14, ""dimension"": 12.256155106606457}",ok,1997.21484375,5000,mnist
lvm_pca_cpu,lvm_pca,cpu,eval,50000,0,"{""cells"": {""n_cells"": 300}, ""embedding"": {""landmark_mds"": {""missing"": ""chain""}, ""local_scale"": {""pca"": {""fill"": 0.6}, ""strategy"": ""pca""}, ""strategy"": ""landmark_mds""}, ""landmarks"": {""count"": {""dimension"": {""multiplier"": 1.0}, ""strategy"": ""dimension""}, ""strategy"": ""mutual_information""}, ""scaling"": {""reach"": {""k"": null, ""quantile"": 0.1}, ""strategy"": ""reach""}}",16,10.89764816898969,12.268877702008467,2277.953125,613.0,,0.915945206139031,0.9425284020463437,0.8263999999999999,0.25252087593920497,"{""stages"": {""sample"": 0.16538229999423493, ""dimension"": 1.115150312994956, ""cells"": 4.764005681005074, ""masses"": 0.38120940000226256, ""graph"": 0.04527516500093043, ""scaling"": 2.8223919739975827, ""voltages"": 0.006673765004961751, ""landmarks"": 1.1393989552743733e-05, ""embedding"": 0.0012781880068359897, ""local_scale"": 1.5962644459941657}, ""rho_g"": 0.005384998978746618, ""reach"": 14.0, ""rho_rounds"": 1, ""n_landmarks"": 14, ""dimension"": 12.305518259758474}",ok,2237.54296875,5000,mnist
lvm_pca_cpu,lvm_pca,cpu,eval,50000,1,"{""cells"": {""n_cells"": 300}, ""embedding"": {""landmark_mds"": {""missing"": ""chain""}, ""local_scale"": {""pca"": {""fill"": 0.6}, ""strategy"": ""pca""}, ""strategy"": ""landmark_mds""}, ""landmarks"": {""count"": {""dimension"": {""multiplier"": 1.0}, ""strategy"": ""dimension""}, ""strategy"": ""mutual_information""}, ""scaling"": {""reach"": {""k"": null, ""quantile"": 0.1}, ""strategy"": ""reach""}}",16,12.708532229007687,14.032810029006214,2275.38671875,610.71875,,0.9202867168221487,0.946022445581302,0.8524,0.40419785981821815,"{""stages"": {""sample"": 0.14049402700038627, ""dimension"": 1.2116072490025545, ""cells"": 4.083972393986187, ""masses"": 0.3750442050077254, ""graph"": 0.04555540900037158, ""scaling"": 5.1070158280053874, ""voltages"": 0.02188280998962, ""landmarks"": 1.2097007129341364e-05, ""embedding"": 0.0013883339997846633, ""local_scale"": 1.721553966999636}, ""rho_g"": 0.0051490546733915345, ""reach"": 14.0, ""rho_rounds"": 2, ""n_landmarks"": 14, ""dimension"": 12.237066194673853}",ok,2047.2578125,5000,mnist
lvm_pca_cpu,lvm_pca,cpu,eval,50000,2,"{""cells"": {""n_cells"": 300}, ""embedding"": {""landmark_mds"": {""missing"": ""chain""}, ""local_scale"": {""pca"": {""fill"": 0.6}, ""strategy"": ""pca""}, ""strategy"": ""landmark_mds""}, ""landmarks"": {""count"": {""dimension"": {""multiplier"": 1.0}, ""strategy"": ""dimension""}, ""strategy"": ""mutual_information""}, ""scaling"": {""reach"": {""k"": null, ""quantile"": 0.1}, ""strategy"": ""reach""}}",16,12.375083776991232,13.676467908007908,2277.0,611.90234375,,0.9181670338047948,0.9467741277961681,0.8240000000000001,0.38904277874423443,"{""stages"": {""sample"": 0.1408134550001705, ""dimension"": 1.1093976549891522, ""cells"": 4.012199933000375, ""masses"": 0.36351327900774777, ""graph"": 0.05902471099398099, ""scaling"": 5.058658285997808, ""voltages"": 0.012380843007122166, ""landmarks"": 1.5658995835110545e-05, ""embedding"": 0.0018443190056132153, ""local_scale"": 1.6172299850004492}, ""rho_g"": 0.005863684941799108, ""reach"": 14.0, ""rho_rounds"": 2, ""n_landmarks"": 14, ""dimension"": 12.256155106606457}",ok,2046.109375,5000,mnist
