method,family,device,split,n,seed,params,threads,fit_s,total_s,peak_rss_mb,extra_rss_mb,gpu_peak_mb,trustworthiness,continuity,knn_accuracy,distance_correlation,info,status,guard_peak_mb,memory_limit_mb
tsne_gpu,tsne,gpu,tune,20000,0,"{""late_exaggeration"": 1.0, ""perplexity"": 5}",16,0.9488863330007007,0.9488981180002156,1394.15625,123.96875,224.0,0.953502236934497,0.9541612558932692,0.9395999999999999,0.3646390842987483,,ok,1777.26953125,5000
tsne_gpu,tsne,gpu,tune,20000,1,"{""late_exaggeration"": 1.0, ""perplexity"": 5}",16,1.0275651209994976,1.0275769580002816,1393.92578125,124.07421875,224.0,0.9555823412578994,0.9541947236432942,0.9368000000000001,0.29936057811324096,,ok,1777.5,5000
tsne_gpu,tsne,gpu,tune,20000,2,"{""late_exaggeration"": 1.0, ""perplexity"": 5}",16,1.0787230219993944,1.0787386310003058,1394.26953125,123.98046875,224.0,0.9540800481492627,0.9559972113552011,0.9390000000000001,0.34313866606681825,,ok,1777.49609375,5000
tsne_gpu,tsne,gpu,tune,20000,0,"{""late_exaggeration"": 2.0, ""perplexity"": 5}",16,0.9265157419995376,0.9265279449991795,1394.015625,123.98828125,224.0,0.9721432761560839,0.9545486367739994,0.9507999999999999,0.34998440520046264,,ok,1929.3203125,5000
tsne_gpu,tsne,gpu,tune,20000,1,"{""late_exaggeration"": 2.0, ""perplexity"": 5}",16,0.9677749889997358,0.9677892729996529,1394.109375,123.84765625,224.0,0.9731197953656334,0.9547756725850135,0.95,0.283754092538668,,ok,1925.546875,5000
tsne_gpu,tsne,gpu,tune,20000,2,"{""late_exaggeration"": 2.0, ""perplexity"": 5}",16,0.9689483299989661,0.9689611140001944,1393.71484375,123.91796875,224.0,0.9750089958872504,0.9564957929581703,0.9586,0.3290999890912808,,ok,1872.046875,5000
tsne_gpu,tsne,gpu,tune,20000,0,"{""late_exaggeration"": 4.0, ""perplexity"": 5}",16,1.0190980759998638,1.0191094570000132,1394.3359375,123.97265625,224.0,0.9766261771491624,0.9544975183067509,0.9551999999999999,0.3354429900822595,,ok,1808.30078125,5000
tsne_gpu,tsne,gpu,tune,20000,1,"{""late_exaggeration"": 4.0, ""perplexity"": 5}",16,1.0122858839986293,1.0122993940003653,1393.9375,123.97265625,224.0,0.9777807362824756,0.9548778894573177,0.954,0.2687424636406554,,ok,1867.64453125,5000
tsne_gpu,tsne,gpu,tune,20000,2,"{""late_exaggeration"": 4.0, ""perplexity"": 5}",16,1.0454365740006324,1.0454482610002742,1394.16015625,123.921875,224.0,0.9786436232320193,0.9566622690340054,0.9581999999999999,0.31644683127239237,,ok,1936.234375,5000
tsne_gpu,tsne,gpu,tune,20000,0,"{""late_exaggeration"": 1.0, ""perplexity"": 15}",16,1.1659841229993617,1.1659974819995114,1393.8125,123.99609375,232.0,0.9649835931387301,0.9608927234426723,0.9419999999999998,0.3651004070496782,,ok,1777.3359375,5000
tsne_gpu,tsne,gpu,tune,20000,1,"{""late_exaggeration"": 1.0, ""perplexity"": 15}",16,1.113410042000396,1.1134227229995304,1394.375,123.90625,232.0,0.967198952753536,0.9611466746915438,0.9409999999999998,0.3025656777545858,,ok,1777.59765625,5000
tsne_gpu,tsne,gpu,tune,20000,2,"{""late_exaggeration"": 1.0, ""perplexity"": 15}",16,1.051401172999249,1.0514151340012177,1393.93359375,123.96875,232.0,0.9660688012839803,0.9617346734878122,0.9418,0.333272556833744,,ok,1777.1875,5000
tsne_gpu,tsne,gpu,tune,20000,0,"{""late_exaggeration"": 2.0, ""perplexity"": 15}",16,1.0909629949983355,1.090974892000304,1394.28515625,124.046875,232.0,0.9768392055371652,0.9605207342762564,0.9480000000000001,0.3478396382304414,,ok,1777.69140625,5000
tsne_gpu,tsne,gpu,tune,20000,1,"{""late_exaggeration"": 2.0, ""perplexity"": 15}",16,1.1022959839992836,1.1023080129998561,1393.98046875,123.9765625,232.0,0.9784219079145351,0.9615795847126091,0.9468,0.29237638664341026,,ok,1777.296875,5000
tsne_gpu,tsne,gpu,tune,20000,2,"{""late_exaggeration"": 2.0, ""perplexity"": 15}",16,1.0520448860006582,1.0520571680008288,1393.9140625,123.8359375,232.0,0.9782975022569966,0.9617616089878623,0.9502,0.32689763315948756,,ok,1823.390625,5000
tsne_gpu,tsne,gpu,tune,20000,0,"{""late_exaggeration"": 4.0, ""perplexity"": 15}",16,1.1321036800000002,1.132116460999896,1394.2421875,124.00390625,232.0,0.9605429872605076,0.9616317905507072,0.9460000000000001,0.3500088373304992,,ok,1829.6328125,5000
tsne_gpu,tsne,gpu,tune,20000,1,"{""late_exaggeration"": 4.0, ""perplexity"": 15}",16,1.1203877030002332,1.120401572999981,1394.0546875,123.98828125,232.0,0.9622622610091283,0.9631943544989467,0.9463999999999999,0.2968203212920602,,ok,1872.21484375,5000
tsne_gpu,tsne,gpu,tune,20000,2,"{""late_exaggeration"": 4.0, ""perplexity"": 15}",16,1.0279278899997735,1.027944416999162,1394.2734375,124.0,232.0,0.9633558952753536,0.9630525549202528,0.9481999999999999,0.34321799997760327,,ok,1943.765625,5000
tsne_gpu,tsne,gpu,tune,20000,0,"{""late_exaggeration"": 1.0, ""perplexity"": 30}",16,1.3917401159997098,1.3917528780002613,1393.95703125,123.98828125,244.0,0.9656280589828469,0.961561412378373,0.9270000000000002,0.38583862064119256,,ok,1797.9375,5000
tsne_gpu,tsne,gpu,tune,20000,1,"{""late_exaggeration"": 1.0, ""perplexity"": 30}",16,1.4166104910000286,1.4166243279996706,1394.14453125,123.8203125,244.0,0.9687471762463638,0.9630327455110843,0.9236000000000001,0.3414883169145791,,ok,1777.5,5000
tsne_gpu,tsne,gpu,tune,20000,2,"{""late_exaggeration"": 1.0, ""perplexity"": 30}",16,1.4403702630006592,1.4403836769997724,1394.20703125,124.06640625,244.0,0.969357640686127,0.9635251399337947,0.9321999999999999,0.37548761622589144,,ok,1954.2265625,5000
tsne_gpu,tsne,gpu,tune,20000,0,"{""late_exaggeration"": 2.0, ""perplexity"": 30}",16,1.3808221099989169,1.3808367239998915,1394.12890625,124.04296875,244.0,0.9696679546594442,0.9627632861871802,0.9382000000000001,0.3771287855083647,,ok,1815.80859375,5000
tsne_gpu,tsne,gpu,tune,20000,1,"{""late_exaggeration"": 2.0, ""perplexity"": 30}",16,1.3553898369991657,1.3554041099996539,1394.20703125,124.0390625,244.0,0.9719210632962183,0.9643431597953657,0.9314,0.32962302357024564,,ok,1938.203125,5000
tsne_gpu,tsne,gpu,tune,20000,2,"{""late_exaggeration"": 2.0, ""perplexity"": 30}",16,1.397254139999859,1.3972669469985703,1393.84375,124.0390625,244.0,0.9732764168923663,0.9652593158792256,0.944,0.3635676094393868,,ok,1777.36328125,5000
tsne_gpu,tsne,gpu,tune,20000,0,"{""late_exaggeration"": 4.0, ""perplexity"": 30}",16,1.3973371960000804,1.3973502310000185,1394.1875,123.98046875,244.0,0.9524248209449293,0.9641636473066506,0.924,0.38409598541147477,,ok,1847.578125,5000
tsne_gpu,tsne,gpu,tune,20000,1,"{""late_exaggeration"": 4.0, ""perplexity"": 30}",16,1.3191206079991389,1.319132978000198,1394.078125,123.95703125,244.0,0.9526052643193901,0.9650558009830474,0.9242000000000001,0.33467107789232126,,ok,1926.60546875,5000
tsne_gpu,tsne,gpu,tune,20000,2,"{""late_exaggeration"": 4.0, ""perplexity"": 30}",16,1.3442613810002513,1.34427360600057,1394.2109375,124.17578125,244.0,0.9541268853445681,0.9661088614705587,0.9306000000000001,0.3657728877597159,,ok,1832.24609375,5000
tsne_gpu,tsne,gpu,tune,20000,0,"{""late_exaggeration"": 1.0, ""perplexity"": 50}",16,1.7534031430004688,1.75341747299899,1394.1875,124.00390625,362.0,0.9657438659845521,0.962227364830976,0.9176,0.39643427648992663,,ok,1920.16796875,5000
tsne_gpu,tsne,gpu,tune,20000,1,"{""late_exaggeration"": 1.0, ""perplexity"": 50}",16,1.7179972209996777,1.7180279249987507,1394.1328125,123.92578125,362.0,0.9671615287390912,0.9631053265121878,0.9166000000000001,0.35083510744394,,ok,1956.15234375,5000
tsne_gpu,tsne,gpu,tune,20000,2,"{""late_exaggeration"": 1.0, ""perplexity"": 50}",16,1.7464440990006551,1.7464583780001703,1394.1640625,124.03515625,362.0,0.9682053967298626,0.9633381883839903,0.925,0.3913285683368537,,ok,1853.84765625,5000
tsne_gpu,tsne,gpu,tune,20000,0,"{""late_exaggeration"": 2.0, ""perplexity"": 50}",16,1.6983870430012757,1.6984016229998815,1394.4765625,124.01171875,362.0,0.962909150366135,0.963228777209349,0.9183999999999999,0.4166276482419698,,ok,1942.40234375,5000
tsne_gpu,tsne,gpu,tune,20000,1,"{""late_exaggeration"": 2.0, ""perplexity"": 50}",16,1.6977315220010496,1.6977438449994224,1394.34375,124.0625,362.0,0.9653641047246464,0.9643085926371753,0.917,0.37063314688246685,,ok,1875.8828125,5000
tsne_gpu,tsne,gpu,tune,20000,2,"{""late_exaggeration"": 2.0, ""perplexity"": 50}",16,1.7476781669993215,1.7476914409999154,1394.1875,124.046875,362.0,0.9657775584311366,0.9646433905105828,0.9258000000000001,0.40379859551364516,,ok,1777.62890625,5000
tsne_gpu,tsne,gpu,tune,20000,0,"{""late_exaggeration"": 4.0, ""perplexity"": 50}",16,1.7164811630009353,1.7164938130008522,1394.00390625,123.98046875,362.0,0.9431741398334837,0.9650645681613,0.8892000000000001,0.4132570567359937,,ok,1869.44921875,5000
tsne_gpu,tsne,gpu,tune,20000,1,"{""late_exaggeration"": 4.0, ""perplexity"": 50}",16,1.6854431749998184,1.685455455999545,1394.26171875,123.95703125,362.0,0.944977426020664,0.9655042832781623,0.8926000000000001,0.3647793258430324,,ok,1906.4375,5000
tsne_gpu,tsne,gpu,tune,20000,2,"{""late_exaggeration"": 4.0, ""perplexity"": 50}",16,1.7113941269999486,1.7114057760009018,1393.6875,124.06640625,362.0,0.9462428568562544,0.9661793078543485,0.8996000000000001,0.39955018388659697,,ok,1959.875,5000
tsne_gpu,tsne,gpu,tune,20000,0,"{""late_exaggeration"": 1.0, ""perplexity"": 100}",16,2.6699572220004484,2.6699693239988846,1415.703125,124.05859375,660.0,0.9630229230614906,0.961326439963888,0.9,0.4729615914125448,,ok,1851.078125,5000
tsne_gpu,tsne,gpu,tune,20000,1,"{""late_exaggeration"": 1.0, ""perplexity"": 100}",16,2.7396307779999916,2.739643561999401,1415.7578125,123.96875,660.0,0.9631042832781623,0.9636775885244258,0.907,0.4510796444978654,,ok,1849.77734375,5000
tsne_gpu,tsne,gpu,tune,20000,2,"{""late_exaggeration"": 1.0, ""perplexity"": 100}",16,2.654083464998621,2.654095851999955,1415.78125,123.8828125,660.0,0.9656406299528538,0.963281548801284,0.9174000000000001,0.47252507689784307,,ok,1945.765625,5000
tsne_gpu,tsne,gpu,tune,20000,0,"{""late_exaggeration"": 2.0, ""perplexity"": 100}",16,2.633951674000855,2.63396425800056,1415.6484375,124.03515625,660.0,0.9551575724746715,0.9644114394623332,0.8788,0.4794439732713094,,ok,1865.76171875,5000
tsne_gpu,tsne,gpu,tune,20000,1,"{""late_exaggeration"": 2.0, ""perplexity"": 100}",16,2.6851567840003554,2.6851699340004416,1416.140625,123.9765625,660.0,0.9566214946333634,0.9657524044538068,0.8802,0.4409222836390701,,ok,1827.59375,5000
tsne_gpu,tsne,gpu,tune,20000,2,"{""late_exaggeration"": 2.0, ""perplexity"": 100}",16,2.6815960860003543,2.681608173001223,1415.5390625,123.9609375,660.0,0.9564724445781924,0.9651569104223091,0.8894,0.4737919099736793,,ok,1965.73046875,5000
tsne_gpu,tsne,gpu,tune,20000,0,"{""late_exaggeration"": 4.0, ""perplexity"": 100}",16,2.686172195999461,2.68618540100033,1416.07421875,123.99609375,660.0,0.928801083358411,0.9655691122479687,0.843,0.49444151935376435,,ok,1900.0078125,5000
tsne_gpu,tsne,gpu,tune,20000,1,"{""late_exaggeration"": 4.0, ""perplexity"": 100}",16,2.634117798999796,2.6341599530005624,1415.69921875,124.02734375,660.0,0.9315753756645602,0.966723807804193,0.8517999999999999,0.4534794615921078,,ok,1973.82421875,5000
tsne_gpu,tsne,gpu,tune,20000,2,"{""late_exaggeration"": 4.0, ""perplexity"": 100}",16,2.754281000999981,2.754295044000173,1415.875,123.8984375,660.0,0.9314575102818738,0.9668770187581502,0.8497999999999999,0.4824429624412644,,ok,1799.265625,5000
